tool,mode,threshold,t_wall,t_cpu,timeout,mc time,states,lower_bound,trans,prob,prob LP,heur_iter,info (total states:15875)
fark,y form,5e-06,3.0504159927368164,8.513741513947025,False,-,15863,-,-,2.5586418975394426e-05,5e-06,1,-
fark,z form,5e-06,2.206105947494507,5.946282809018157,False,-,15872,-,-,1.8215588104061185e-05,5e-06,1,-
fark,y form,5e-06,4.498566150665283,11.637024290044792,False,-,8798,-,-,5.851452571479444e-06,5e-06,2,-
fark,z form,5e-06,6.35184645652771,18.994781246990897,False,-,8880,-,-,5.00399749091502e-06,5e-06,2,-
fark,y form,5e-06,8.26973271369934,23.805837669991888,False,-,8734,-,-,5.0009417437868396e-06,5e-06,3,-
fark,z form,5e-06,11.828213930130005,37.453923118067905,False,-,8880,-,-,5.00399749091502e-06,5e-06,3,-
fark,y form,5e-06,10.781865119934082,31.00835573801305,False,-,8734,-,-,5.0009417437868396e-06,5e-06,4,-
fark,z form,5e-06,14.597566366195679,45.07186805899255,False,-,8880,-,-,5.00399749091502e-06,5e-06,4,-
fark,y form,5e-06,13.602159023284912,39.37127251306083,False,-,8734,-,-,5.0009417437868396e-06,5e-06,5,-
fark,z form,5e-06,18.26240563392639,56.33210432692431,False,-,8880,-,-,5.00399749091502e-06,5e-06,5,-
fark,y exact,5e-06,1802.9735417366028,7186.453925641021,True,-,8734,3930.0,-,5.007734277837338e-06,5e-06,-,-
fark,z exact,5e-06,1802.1201043128967,7178.432198007009,True,-,8738,821.0,-,5.004336858355737e-06,5e-06,-,-
comics,global,5e-06,2.30489,-,-,-,8836,-,-,5.00781e-06,-,-,-
comics,local,5e-06,107.973,-,-,-,15092,-,-,5.00972e-06,-,-,-
fark,y form,6e-06,1.7974331378936768,3.673945012036711,False,-,15863,-,-,2.5586418975394426e-05,6e-06,1,-
fark,z form,6e-06,1.9301693439483643,4.815377559978515,False,-,15872,-,-,1.8215588104061185e-05,6e-06,1,-
fark,y form,6e-06,4.594069004058838,12.014792424975894,False,-,8810,-,-,6.025825857761011e-06,6e-06,2,-
fark,z form,6e-06,5.1917314529418945,14.405402103904635,False,-,8960,-,-,6.087438403398659e-06,6e-06,2,-
fark,y form,6e-06,7.690974235534668,21.459756313008256,False,-,8810,-,-,6.025825857761011e-06,6e-06,3,-
fark,z form,6e-06,11.164156198501587,34.80807939404622,False,-,8960,-,-,6.087438403398659e-06,6e-06,3,-
fark,y form,6e-06,10.783594846725464,30.98446203104686,False,-,8810,-,-,6.025825857761011e-06,6e-06,4,-
fark,z form,6e-06,13.121773719787598,39.1964207009878,False,-,8960,-,-,6.087438403398659e-06,6e-06,4,-
fark,y form,6e-06,12.73436975479126,35.93558223801665,False,-,8810,-,-,6.025825857761011e-06,6e-06,5,-
fark,z form,6e-06,15.89055585861206,46.703289616969414,False,-,8960,-,-,6.087438403398659e-06,6e-06,5,-
fark,y exact,6e-06,1803.0361533164978,7186.291360301082,True,-,8810,4144.0,-,6.029916760922886e-06,6e-06,-,-
fark,z exact,6e-06,1802.0929625034332,7178.221754673985,True,-,8811,1191.0,-,6.01356979313399e-06,6e-06,-,-
comics,global,6e-06,2.37181,-,-,-,8916,-,-,6.04211e-06,-,-,-
comics,local,6e-06,110.72,-,-,-,15254,-,-,6.00117e-06,-,-,-
fark,y form,7e-06,2.1068880558013916,4.924916693940759,False,-,15863,-,-,2.5586418975394426e-05,7e-06,1,-
fark,z form,7e-06,1.7252216339111328,3.9730135679710656,False,-,15872,-,-,1.8215588104061185e-05,7e-06,1,-
fark,y form,7e-06,4.186063766479492,10.316955451969989,False,-,8878,-,-,7.118380287867189e-06,7e-06,2,-
fark,z form,7e-06,5.080097436904907,13.915442145080306,False,-,9020,-,-,7.050160718795444e-06,7e-06,2,-
fark,y form,7e-06,7.132309198379517,19.216782867908478,False,-,8878,-,-,7.118380287867189e-06,7e-06,3,-
fark,z form,7e-06,8.196045637130737,22.88524057494942,False,-,9020,-,-,7.050160718795444e-06,7e-06,3,-
fark,y form,7e-06,10.044858694076538,28.029931394965388,False,-,8878,-,-,7.118380287867189e-06,7e-06,4,-
fark,z form,7e-06,11.011055707931519,30.658407983952202,False,-,9020,-,-,7.050160718795444e-06,7e-06,4,-
fark,y form,7e-06,13.712819337844849,39.76710912701674,False,-,8878,-,-,7.118380287867189e-06,7e-06,5,-
fark,z form,7e-06,14.509874820709229,41.240796016994864,False,-,9020,-,-,7.050160718795444e-06,7e-06,5,-
fark,y exact,7e-06,1803.0316908359528,7186.399633593042,True,-,8874,5007.0,-,7.041075308681866e-06,7e-06,-,-
fark,z exact,7e-06,1802.1180720329285,7178.121933214017,True,-,8878,1663.0,-,7.032863030885617e-06,7e-06,-,-
comics,global,7e-06,2.39768,-,-,-,8980,-,-,7.02135e-06,-,-,-
comics,local,7e-06,112.5,-,-,-,15398,-,-,7.04603e-06,-,-,-
fark,y form,8e-06,2.278229236602783,5.607506996020675,False,-,15863,-,-,2.5586418975394426e-05,8e-06,1,-
fark,z form,8e-06,1.690110206604004,3.8699230970814824,False,-,15872,-,-,1.8215588104061185e-05,8e-06,1,-
fark,y form,8e-06,4.0735251903533936,9.955607865937054,False,-,8926,-,-,8.005578779275316e-06,8e-06,2,-
fark,z form,8e-06,4.7988340854644775,12.769785279058851,False,-,9072,-,-,8.005035884102729e-06,8e-06,2,-
fark,y form,8e-06,7.5543248653411865,20.999078746070154,False,-,8926,-,-,8.005578779275316e-06,8e-06,3,-
fark,z form,8e-06,7.346173286437988,19.50541475089267,False,-,9072,-,-,8.005035884102729e-06,8e-06,3,-
fark,y form,8e-06,10.442046165466309,29.61264215700794,False,-,8926,-,-,8.005578779275316e-06,8e-06,4,-
fark,z form,8e-06,10.621603727340698,29.18791516905185,False,-,9072,-,-,8.005035884102729e-06,8e-06,4,-
fark,y form,8e-06,12.32283616065979,34.35329728096258,False,-,8926,-,-,8.005578779275316e-06,8e-06,5,-
fark,z form,8e-06,12.561054706573486,33.46076713304501,False,-,9072,-,-,8.005035884102729e-06,8e-06,5,-
fark,y exact,8e-06,1803.0151569843292,7186.258056880906,True,-,8926,4560.0,-,8.011013727060555e-06,8e-06,-,-
fark,z exact,8e-06,1802.1709053516388,7177.936149377027,True,-,8931,1977.0,-,8.06605596102754e-06,8e-06,-,-
comics,global,8e-06,2.47483,-,-,-,9036,-,-,8.00751e-06,-,-,-
comics,local,8e-06,114.208,-,-,-,15515,-,-,8.02755e-06,-,-,-
fark,y form,9e-06,3.066204786300659,8.767406599014066,False,-,15863,-,-,2.5586418975394426e-05,9e-06,1,-
fark,z form,9e-06,1.737015724182129,4.048564506927505,False,-,15872,-,-,1.8215588104061185e-05,9e-06,1,-
fark,y form,9e-06,4.1648969650268555,10.255408392986283,False,-,8974,-,-,9.003353160451077e-06,9e-06,2,-
fark,z form,9e-06,5.159434080123901,14.257700145011768,False,-,9120,-,-,9.002742592253576e-06,9e-06,2,-
fark,y form,9e-06,7.813961505889893,21.965725961956196,False,-,8974,-,-,9.003353160451077e-06,9e-06,3,-
fark,z form,9e-06,7.836068391799927,21.459517230978236,False,-,9120,-,-,9.002742592253576e-06,9e-06,3,-
fark,y form,9e-06,9.578033208847046,26.169623122084886,False,-,8974,-,-,9.003353160451077e-06,9e-06,4,-
fark,z form,9e-06,11.176349878311157,31.39952772099059,False,-,9120,-,-,9.002742592253576e-06,9e-06,4,-
fark,y form,9e-06,12.615720748901367,35.51916809508111,False,-,8974,-,-,9.003353160451077e-06,9e-06,5,-
fark,z form,9e-06,13.625417947769165,37.739373018965125,False,-,9120,-,-,9.002742592253576e-06,9e-06,5,-
fark,y exact,9e-06,1802.9909298419952,7186.283534087939,True,-,8974,4782.0,-,9.009465492047538e-06,9e-06,-,-
fark,z exact,9e-06,1802.189968585968,7178.391396587016,True,-,8979,1935.0,-,9.071367899713034e-06,9e-06,-,-
comics,global,9e-06,2.5128,-,-,-,9088,-,-,9.04682e-06,-,-,-
comics,local,9e-06,115.332,-,-,-,15623,-,-,9.0545e-06,-,-,-
fark,y form,1e-05,1.741830825805664,3.469955203938298,False,-,15863,-,-,2.5586418975394426e-05,1e-05,1,-
fark,z form,1e-05,1.7314698696136475,4.064030705019832,False,-,15872,-,-,1.8215588104061185e-05,1e-05,1,-
fark,y form,1e-05,4.522359848022461,11.733493820996955,False,-,9022,-,-,1.012548502551588e-05,1e-05,2,-
fark,z form,1e-05,4.786423444747925,12.75741321197711,False,-,9164,-,-,1.0028446616826966e-05,1e-05,2,-
fark,y form,1e-05,7.924788236618042,22.451060669962317,False,-,9022,-,-,1.012548502551588e-05,1e-05,3,-
fark,z form,1e-05,7.883962869644165,21.66597748803906,False,-,9164,-,-,1.0028446616826966e-05,1e-05,3,-
fark,y form,1e-05,10.292621850967407,28.988468197989278,False,-,9022,-,-,1.012548502551588e-05,1e-05,4,-
fark,z form,1e-05,9.82348346710205,25.92315130995121,False,-,9164,-,-,1.0028446616826966e-05,1e-05,4,-
fark,y form,1e-05,12.3331298828125,34.301027868990786,False,-,9022,-,-,1.012548502551588e-05,1e-05,5,-
fark,z form,1e-05,14.267181873321533,40.25183574401308,False,-,9164,-,-,1.0028446616826966e-05,1e-05,5,-
fark,y exact,1e-05,1803.207079410553,7186.802869025967,True,-,9018,4961.0,-,1.0015523155425767e-05,1e-05,-,-
fark,z exact,1e-05,1801.9978158473969,7177.597685136017,True,-,9023,2360.0,-,1.01048905703787e-05,1e-05,-,-
comics,global,1e-05,2.54298,-,-,-,9132,-,-,1.0031e-05,-,-,-
comics,local,1e-05,115.81,-,-,-,15713,-,-,1.001e-05,-,-,-
fark,y form,1.1000000000000001e-05,1.747248888015747,3.487541412934661,False,-,15863,-,-,2.5586418975394426e-05,1.1000000000000001e-05,1,-
fark,z form,1.1000000000000001e-05,1.708400011062622,3.941156932967715,False,-,15872,-,-,1.8215588104061185e-05,1.1000000000000001e-05,1,-
fark,y form,1.1000000000000001e-05,4.036397933959961,9.780859727994539,False,-,9058,-,-,1.1057946848177714e-05,1.1000000000000001e-05,2,-
fark,z form,1.1000000000000001e-05,4.716625213623047,12.446495170006528,False,-,9204,-,-,1.1057196956806939e-05,1.1000000000000001e-05,2,-
fark,y form,1.1000000000000001e-05,7.760043382644653,21.766598665970378,False,-,9058,-,-,1.1057946848177714e-05,1.1000000000000001e-05,3,-
fark,z form,1.1000000000000001e-05,7.655786991119385,20.783274471992627,False,-,9204,-,-,1.1057196956806939e-05,1.1000000000000001e-05,3,-
fark,y form,1.1000000000000001e-05,10.47671127319336,29.7724046719959,False,-,9058,-,-,1.1057946848177714e-05,1.1000000000000001e-05,4,-
fark,z form,1.1000000000000001e-05,10.108072519302368,27.075260040001012,False,-,9204,-,-,1.1057196956806939e-05,1.1000000000000001e-05,4,-
fark,y form,1.1000000000000001e-05,12.252619504928589,33.96045104996301,False,-,9058,-,-,1.1057946848177714e-05,1.1000000000000001e-05,5,-
fark,z form,1.1000000000000001e-05,13.343857526779175,36.56405822199304,False,-,9204,-,-,1.1057196956806939e-05,1.1000000000000001e-05,5,-
fark,y exact,1.1000000000000001e-05,1803.487200975418,7188.112160966033,True,-,9058,5175.0,-,1.1103066477205097e-05,1.1000000000000001e-05,-,-
fark,z exact,1.1000000000000001e-05,1805.8265190124512,7192.54318780289,True,-,9058,2990.0,-,1.1035455837346698e-05,1.1000000000000001e-05,-,-
comics,global,1.1000000000000001e-05,2.58063,-,-,-,9172,-,-,1.10183e-05,-,-,-
comics,local,1.1000000000000001e-05,117.537,-,-,-,15803,-,-,1.10662e-05,-,-,-
fark,y form,1.2000000000000002e-05,2.8777689933776855,8.03991785098333,False,-,15863,-,-,2.5586418975394426e-05,1.2000000000000002e-05,1,-
fark,z form,1.2000000000000002e-05,1.6599984169006348,3.738554951036349,False,-,15872,-,-,1.8215588104061185e-05,1.2000000000000002e-05,1,-
fark,y form,1.2000000000000002e-05,4.516216039657593,11.657070719986223,False,-,9094,-,-,1.2076279623589509e-05,1.2000000000000002e-05,2,-
fark,z form,1.2000000000000002e-05,4.64097785949707,12.167561443988234,False,-,9579,-,-,1.2002127759919676e-05,1.2000000000000002e-05,2,-
fark,y form,1.2000000000000002e-05,7.476674318313599,20.61850008997135,False,-,9094,-,-,1.2076279623589509e-05,1.2000000000000002e-05,3,-
fark,z form,1.2000000000000002e-05,8.323545217514038,23.411318638012744,False,-,9579,-,-,1.2002127759919676e-05,1.2000000000000002e-05,3,-
fark,y form,1.2000000000000002e-05,8.924678802490234,23.53975211305078,False,-,9094,-,-,1.2076279623589509e-05,1.2000000000000002e-05,4,-
fark,z form,1.2000000000000002e-05,11.246214389801025,31.62683034897782,False,-,9579,-,-,1.2002127759919676e-05,1.2000000000000002e-05,4,-
fark,y form,1.2000000000000002e-05,12.088884830474854,33.3488840960199,False,-,9094,-,-,1.2076279623589509e-05,1.2000000000000002e-05,5,-
fark,z form,1.2000000000000002e-05,16.784828424453735,50.34819302102551,False,-,9579,-,-,1.2002127759919676e-05,1.2000000000000002e-05,5,-
fark,y exact,1.2000000000000002e-05,1802.781725883484,7185.962624168955,True,-,9094,5374.0,-,1.2084478149991233e-05,1.2000000000000002e-05,-,-
fark,z exact,1.2000000000000002e-05,1801.9621767997742,7177.289345002035,True,-,9094,3186.0,-,1.2051717414897048e-05,1.2000000000000002e-05,-,-
comics,global,1.2000000000000002e-05,2.59867,-,-,-,9212,-,-,1.21028e-05,-,-,-
comics,local,1.2000000000000002e-05,118.427,-,-,-,15866,-,-,1.56272e-05,-,-,-
fark,y form,1.3000000000000003e-05,1.7741491794586182,3.577126585994847,False,-,15863,-,-,2.5586418975394426e-05,1.3000000000000003e-05,1,-
fark,z form,1.3000000000000003e-05,2.146087884902954,5.691124347038567,False,-,15872,-,-,1.8215588104061185e-05,1.3000000000000003e-05,1,-
fark,y form,1.3000000000000003e-05,4.298232555389404,10.782797187101096,False,-,9130,-,-,1.3188391272279228e-05,1.3000000000000003e-05,2,-
fark,z form,1.3000000000000003e-05,4.908895969390869,13.23641094902996,False,-,10789,-,-,1.3003872703379908e-05,1.3000000000000003e-05,2,-
fark,y form,1.3000000000000003e-05,7.283585548400879,19.87647144496441,False,-,9130,-,-,1.3188391272279228e-05,1.3000000000000003e-05,3,-
fark,z form,1.3000000000000003e-05,7.913297176361084,21.78472381096799,False,-,10789,-,-,1.3003872703379908e-05,1.3000000000000003e-05,3,-
fark,y form,1.3000000000000003e-05,10.421314716339111,29.509153632912785,False,-,9130,-,-,1.3188391272279228e-05,1.3000000000000003e-05,4,-
fark,z form,1.3000000000000003e-05,10.436915636062622,28.352237734012306,False,-,10789,-,-,1.3003872703379908e-05,1.3000000000000003e-05,4,-
fark,y form,1.3000000000000003e-05,12.72153639793396,35.894951453083195,False,-,9130,-,-,1.3188391272279228e-05,1.3000000000000003e-05,5,-
fark,z form,1.3000000000000003e-05,15.702357530593872,46.051142631913535,False,-,10789,-,-,1.3003872703379908e-05,1.3000000000000003e-05,5,-
fark,y exact,1.3000000000000003e-05,1802.9364604949951,7185.673297613044,True,-,9126,5640.0,-,1.304516651199192e-05,1.3000000000000003e-05,-,-
fark,z exact,1.3000000000000003e-05,1809.1946635246277,7205.97777045297,True,-,9127,2797.0,-,1.3036316221864444e-05,1.3000000000000003e-05,-,-
comics,global,1.3000000000000003e-05,15.7726,-,-,-,9432,-,-,1.30038e-05,-,-,-
comics,local,1.3000000000000003e-05,118.789,-,-,-,15866,-,-,1.56272e-05,-,-,-
fark,y form,1.4000000000000003e-05,1.7413339614868164,3.4668958670226857,False,-,15863,-,-,2.5586418975394426e-05,1.4000000000000001e-05,1,-
fark,z form,1.4000000000000003e-05,1.6866490840911865,3.8571649169316515,False,-,15872,-,-,1.8215588104061185e-05,1.4000000000000003e-05,1,-
fark,y form,1.4000000000000003e-05,3.9633445739746094,9.522211268078536,False,-,9158,-,-,1.4120507763810351e-05,1.4000000000000001e-05,2,-
fark,z form,1.4000000000000003e-05,3.9850456714630127,9.57302122109104,False,-,11907,-,-,1.4004471678918735e-05,1.4000000000000003e-05,2,-
fark,y form,1.4000000000000003e-05,7.1769187450408936,19.52029435802251,False,-,9158,-,-,1.4120507763810351e-05,1.4000000000000001e-05,3,-
fark,z form,1.4000000000000003e-05,7.331972599029541,19.460912965936586,False,-,11907,-,-,1.4004471678918735e-05,1.4000000000000003e-05,3,-
fark,y form,1.4000000000000003e-05,9.660779476165771,26.486533456947654,False,-,9158,-,-,1.4120507763810351e-05,1.4000000000000001e-05,4,-
fark,z form,1.4000000000000003e-05,10.901496887207031,30.222516026929952,False,-,11907,-,-,1.4004471678918735e-05,1.4000000000000003e-05,4,-
fark,y form,1.4000000000000003e-05,11.954747676849365,32.92772616806906,False,-,9158,-,-,1.4120507763810351e-05,1.4000000000000001e-05,5,-
fark,z form,1.4000000000000003e-05,15.492289781570435,45.18908247805666,False,-,11907,-,-,1.4004471678918735e-05,1.4000000000000003e-05,5,-
fark,y exact,1.4000000000000003e-05,1803.0088465213776,7185.978739788989,True,-,9154,5841.0,-,1.4005127885306886e-05,1.4000000000000003e-05,-,-
fark,z exact,1.4000000000000003e-05,1801.9825232028961,7177.189488200005,True,-,9158,3413.0,-,1.409178774106587e-05,1.4000000000000003e-05,-,-
comics,global,1.4000000000000003e-05,28.6266,-,-,-,10056,-,-,1.40055e-05,-,-,-
comics,local,1.4000000000000003e-05,120.283,-,-,-,15866,-,-,1.56272e-05,-,-,-
fark,y form,1.5000000000000004e-05,1.7251453399658203,3.3959135520271957,False,-,15863,-,-,2.5586418975394426e-05,1.5000000000000004e-05,1,-
fark,z form,1.5000000000000004e-05,1.6942808628082275,3.8722839799011126,False,-,15872,-,-,1.8215588104061185e-05,1.5000000000000004e-05,1,-
fark,y form,1.5000000000000004e-05,4.072369813919067,9.86908511200454,False,-,9186,-,-,1.511850349199601e-05,1.5000000000000004e-05,2,-
fark,z form,1.5000000000000004e-05,4.542803764343262,11.765011226991192,False,-,12947,-,-,1.500426257804725e-05,1.5000000000000004e-05,2,-
fark,y form,1.5000000000000004e-05,7.363266706466675,20.180056588957086,False,-,9186,-,-,1.511850349199601e-05,1.5000000000000004e-05,3,-
fark,z form,1.5000000000000004e-05,8.101868391036987,22.431982981041074,False,-,12947,-,-,1.500426257804725e-05,1.5000000000000004e-05,3,-
fark,y form,1.5000000000000004e-05,9.972983121871948,27.751679676002823,False,-,9186,-,-,1.511850349199601e-05,1.5000000000000004e-05,4,-
fark,z form,1.5000000000000004e-05,11.480651617050171,32.453697595978156,False,-,12947,-,-,1.500426257804725e-05,1.5000000000000004e-05,4,-
fark,y form,1.5000000000000004e-05,11.44761848449707,30.77551539405249,False,-,9186,-,-,1.511850349199601e-05,1.5000000000000004e-05,5,-
fark,z form,1.5000000000000004e-05,15.166298627853394,43.70501322497148,False,-,12947,-,-,1.500426257804725e-05,1.5000000000000004e-05,5,-
fark,y exact,1.5000000000000004e-05,1803.0596432685852,7186.21328282496,True,-,9186,6068.0,-,1.511850349199601e-05,1.5000000000000004e-05,-,-
fark,z exact,1.5000000000000004e-05,1802.05197930336,7177.293964850949,True,-,9187,3077.0,-,1.5097996623652277e-05,1.5000000000000004e-05,-,-
comics,global,1.5000000000000004e-05,33.2862,-,-,-,10680,-,-,1.50029e-05,-,-,-
comics,local,1.5000000000000004e-05,119.226,-,-,-,15866,-,-,1.56272e-05,-,-,-
fark,y form,1.6000000000000003e-05,1.7218022346496582,3.3612077879952267,False,-,15863,-,-,2.5586418975394426e-05,1.6000000000000003e-05,1,-
fark,z form,1.6000000000000003e-05,1.706669807434082,3.959645576076582,False,-,15872,-,-,1.8215588104061185e-05,1.6000000000000003e-05,1,-
fark,y form,1.6000000000000003e-05,5.117164850234985,14.0678778400179,False,-,9210,-,-,1.601124484486036e-05,1.6000000000000003e-05,2,-
fark,z form,1.6000000000000003e-05,4.6614110469818115,12.234567611012608,False,-,13922,-,-,1.600629571374045e-05,1.6000000000000003e-05,2,-
fark,y form,1.6000000000000003e-05,7.452033996582031,20.520050292019732,False,-,9210,-,-,1.601124484486036e-05,1.6000000000000003e-05,3,-
fark,z form,1.6000000000000003e-05,7.8509345054626465,21.531292289029807,False,-,13922,-,-,1.600629571374045e-05,1.6000000000000003e-05,3,-
fark,y form,1.6000000000000003e-05,9.092761993408203,24.25922129198443,False,-,9210,-,-,1.601124484486036e-05,1.6000000000000003e-05,4,-
fark,z form,1.6000000000000003e-05,9.642464399337769,25.18849971902091,False,-,13922,-,-,1.600629571374045e-05,1.6000000000000003e-05,4,-
fark,y form,1.6000000000000003e-05,13.426587581634521,38.53994139295537,False,-,9210,-,-,1.601124484486036e-05,1.6000000000000003e-05,5,-
fark,z form,1.6000000000000003e-05,12.57569694519043,33.34809779596981,False,-,13922,-,-,1.600629571374045e-05,1.6000000000000003e-05,5,-
fark,y exact,1.6000000000000003e-05,1803.0195112228394,7183.835477472981,True,-,9210,6303.0,-,1.601124484486036e-05,1.6000000000000003e-05,-,-
fark,z exact,1.6000000000000003e-05,1820.9226751327515,7252.7009363879915,True,-,9215,2546.0,-,1.61650783729726e-05,1.6000000000000003e-05,-,-
comics,global,1.6000000000000003e-05,36.2716,-,-,-,11200,-,-,1.60052e-05,-,-,-
comics,local,1.6000000000000003e-05,119.526,-,-,-,15868,-,-,1.75222e-05,-,-,-
fark,y form,1.7000000000000003e-05,1.7360889911651611,3.422434887033887,False,-,15863,-,-,2.5586418975394426e-05,1.7000000000000003e-05,1,-
fark,z form,1.7000000000000003e-05,1.6774113178253174,3.7990984841017053,False,-,15872,-,-,1.8215588104061185e-05,1.7000000000000003e-05,1,-
fark,y form,1.7000000000000003e-05,5.313374280929565,14.792470679967664,False,-,9879,-,-,1.7001495668660995e-05,1.7000000000000003e-05,2,-
fark,z form,1.7000000000000003e-05,4.520529747009277,11.638735804939643,False,-,14832,-,-,1.700181442802058e-05,1.7000000000000003e-05,2,-
fark,y form,1.7000000000000003e-05,7.305665016174316,19.914494978031144,False,-,9879,-,-,1.7001495668660995e-05,1.7000000000000003e-05,3,-
fark,z form,1.7000000000000003e-05,7.852987289428711,21.52275053190533,False,-,14832,-,-,1.700181442802058e-05,1.7000000000000003e-05,3,-
fark,y form,1.7000000000000003e-05,9.652809381484985,26.49048263800796,False,-,9879,-,-,1.7001495668660995e-05,1.7000000000000003e-05,4,-
fark,z form,1.7000000000000003e-05,10.923381328582764,30.225884175975807,False,-,14832,-,-,1.700181442802058e-05,1.7000000000000003e-05,4,-
fark,y form,1.7000000000000003e-05,13.904592752456665,40.59021726704668,False,-,9879,-,-,1.7001495668660995e-05,1.7000000000000003e-05,5,-
fark,z form,1.7000000000000003e-05,13.781817197799683,38.22472015104722,False,-,14832,-,-,1.700181442802058e-05,1.7000000000000003e-05,5,-
fark,y exact,1.7000000000000003e-05,1802.9161846637726,7185.670016137068,True,-,9409,6474.0,-,1.7000493705869525e-05,1.7000000000000003e-05,-,-
fark,z exact,1.7000000000000003e-05,1801.9319787025452,7177.1293706090655,True,-,9408,1984.0,-,1.7004181288352784e-05,1.7000000000000003e-05,-,-
comics,global,1.7000000000000003e-05,39.6839,-,-,-,11712,-,-,1.70089e-05,-,-,-
comics,local,1.7000000000000003e-05,119.753,-,-,-,15868,-,-,1.75222e-05,-,-,-
fark,y form,1.8000000000000004e-05,1.7200169563293457,3.380577686941251,False,-,15863,-,-,2.5586418975394426e-05,1.8000000000000004e-05,1,-
fark,z form,1.8000000000000004e-05,1.7294895648956299,4.0283992029726505,False,-,15872,-,-,1.8215588104061185e-05,1.8000000000000004e-05,1,-
fark,y form,1.8000000000000004e-05,4.5941431522369385,11.965408818097785,False,-,10752,-,-,1.800446129209116e-05,1.8000000000000004e-05,2,-
fark,z form,1.8000000000000004e-05,4.343414783477783,10.994530451949686,False,-,15703,-,-,1.801261055636729e-05,1.8000000000000004e-05,2,-
fark,y form,1.8000000000000004e-05,8.262285470962524,23.80119729996659,False,-,10752,-,-,1.800446129209116e-05,1.8000000000000004e-05,3,-
fark,z form,1.8000000000000004e-05,6.54542350769043,16.260630713077262,False,-,15703,-,-,1.801261055636729e-05,1.8000000000000004e-05,3,-
fark,y form,1.8000000000000004e-05,12.530951023101807,37.98253290401772,False,-,10752,-,-,1.800446129209116e-05,1.8000000000000004e-05,4,-
fark,z form,1.8000000000000004e-05,9.51828384399414,24.653550783055834,False,-,15703,-,-,1.801261055636729e-05,1.8000000000000004e-05,4,-
fark,y form,1.8000000000000004e-05,14.065181255340576,41.21177054697182,False,-,10752,-,-,1.800446129209116e-05,1.8000000000000004e-05,5,-
fark,z form,1.8000000000000004e-05,11.935863256454468,30.774374884087592,False,-,15703,-,-,1.801261055636729e-05,1.8000000000000004e-05,5,-
fark,y exact,1.8000000000000004e-05,1803.0413303375244,7186.280733990949,True,-,10276,6756.0,-,1.8000316903367135e-05,1.8000000000000004e-05,-,-
fark,z exact,1.8000000000000004e-05,1804.9103174209595,7188.944990356918,True,-,10271,2936.0,-,1.8006584519923393e-05,1.8000000000000004e-05,-,-
comics,global,1.8000000000000004e-05,42.4933,-,-,-,12216,-,-,1.8004e-05,-,-,-
comics,local,1.8000000000000004e-05,118.372,-,-,-,15875,-,-,2.02617e-05,-,-,-
fark,y form,1.9000000000000004e-05,1.7280247211456299,3.38429232488852,False,-,15863,-,-,2.5586418975394426e-05,1.9000000000000004e-05,1,-
fark,z form,1.9000000000000004e-05,2.465574026107788,7.014399930019863,False,-,15875,-,-,2.6108131714047836e-05,1.9000000000000004e-05,1,-
fark,y form,1.9000000000000004e-05,4.159316539764404,10.255177160957828,False,-,11566,-,-,1.9001835113218775e-05,1.9000000000000004e-05,2,-
fark,z form,1.9000000000000004e-05,3.704566717147827,8.448277342016809,False,-,11091,-,-,1.901145409959498e-05,1.9000000000000004e-05,2,-
fark,y form,1.9000000000000004e-05,7.697920083999634,21.488003293052316,False,-,11566,-,-,1.9001835113218775e-05,1.9000000000000004e-05,3,-
fark,z form,1.9000000000000004e-05,8.58989691734314,24.43863783206325,False,-,11091,-,-,1.901145409959498e-05,1.9000000000000004e-05,3,-
fark,y form,1.9000000000000004e-05,14.515161514282227,45.86399701505434,False,-,11566,-,-,1.9001835113218775e-05,1.9000000000000004e-05,4,-
fark,z form,1.9000000000000004e-05,14.146001100540161,43.19989539810922,False,-,11091,-,-,1.901145409959498e-05,1.9000000000000004e-05,4,-
fark,y form,1.9000000000000004e-05,16.156776905059814,49.59157058002893,False,-,11566,-,-,1.9001835113218775e-05,1.9000000000000004e-05,5,-
fark,z form,1.9000000000000004e-05,21.744451761245728,70.08990781800821,False,-,11091,-,-,1.901145409959498e-05,1.9000000000000004e-05,5,-
fark,y exact,1.9000000000000004e-05,1803.029141664505,7182.2335703249555,True,-,11084,7154.0,-,1.9000462043808742e-05,1.9000000000000004e-05,-,-
fark,z exact,1.9000000000000004e-05,1802.1431379318237,7177.77235754393,True,-,11086,3266.0,-,1.9004075939275823e-05,1.9000000000000004e-05,-,-
comics,global,1.9000000000000004e-05,45.7214,-,-,-,12696,-,-,1.90099e-05,-,-,-
comics,local,1.9000000000000004e-05,118.279,-,-,-,15875,-,-,2.02617e-05,-,-,-
fark,y form,2.0000000000000005e-05,1.7308063507080078,3.43176800198853,False,-,15863,-,-,2.5586418975394426e-05,2.0000000000000005e-05,1,-
fark,z form,2.0000000000000005e-05,2.3402271270751953,6.487235700013116,False,-,15875,-,-,2.6108131714047836e-05,2.0000000000000005e-05,1,-
fark,y form,2.0000000000000005e-05,3.847592830657959,8.995326246833429,False,-,12338,-,-,2.000095435061733e-05,2.0000000000000005e-05,2,-
fark,z form,2.0000000000000005e-05,4.406204700469971,11.290296173887327,False,-,11858,-,-,2.0003313019905512e-05,2.0000000000000005e-05,2,-
fark,y form,2.0000000000000005e-05,7.4809863567352295,20.597161811077967,False,-,12338,-,-,2.000095435061733e-05,2.0000000000000005e-05,3,-
fark,z form,2.0000000000000005e-05,10.430915355682373,31.799220882123336,False,-,11858,-,-,2.0003313019905512e-05,2.0000000000000005e-05,3,-
fark,y form,2.0000000000000005e-05,11.818372249603271,35.09488002792932,False,-,12338,-,-,2.000095435061733e-05,2.0000000000000005e-05,4,-
fark,z form,2.0000000000000005e-05,12.22192096710205,35.49181375303306,False,-,11858,-,-,2.0003313019905512e-05,2.0000000000000005e-05,4,-
fark,y form,2.0000000000000005e-05,15.558760166168213,47.20861191279255,False,-,12338,-,-,2.000095435061733e-05,2.0000000000000005e-05,5,-
fark,z form,2.0000000000000005e-05,21.52457094192505,69.25968625000678,False,-,11858,-,-,2.0003313019905512e-05,2.0000000000000005e-05,5,-
fark,y exact,2.0000000000000005e-05,1803.061190366745,7182.815346789081,True,-,11859,7464.0,-,2.000122044764714e-05,2.0000000000000005e-05,-,-
fark,z exact,2.0000000000000005e-05,1801.9639761447906,7176.659182351781,True,-,11858,3863.0,-,2.0003313019905512e-05,2.0000000000000005e-05,-,-
comics,global,2.0000000000000005e-05,49.7128,-,-,-,13144,-,-,2.00074e-05,-,-,-
comics,local,2.0000000000000005e-05,119.834,-,-,-,15875,-,-,2.02617e-05,-,-,-
fark,y form,2.1000000000000006e-05,1.716902494430542,3.3543915438931435,False,-,15863,-,-,2.5586418975394426e-05,2.1000000000000006e-05,1,-
fark,z form,2.1000000000000006e-05,1.7164793014526367,3.9517984020058066,False,-,15875,-,-,2.6108131714047836e-05,2.1000000000000006e-05,1,-
fark,y form,2.1000000000000006e-05,3.915872812271118,9.294000671012327,False,-,13074,-,-,2.1000035915654408e-05,2.1000000000000006e-05,2,-
fark,z form,2.1000000000000006e-05,4.435593605041504,11.355506012914702,False,-,12599,-,-,2.1010666441374112e-05,2.1000000000000006e-05,2,-
fark,y form,2.1000000000000006e-05,7.058151006698608,18.87637021089904,False,-,13074,-,-,2.1000035915654408e-05,2.1000000000000006e-05,3,-
fark,z form,2.1000000000000006e-05,7.245810031890869,19.048133803065866,False,-,12599,-,-,2.1010666441374112e-05,2.1000000000000006e-05,3,-
fark,y form,2.1000000000000006e-05,13.419312000274658,41.41723633790389,False,-,13074,-,-,2.1000035915654408e-05,2.1000000000000006e-05,4,-
fark,z form,2.1000000000000006e-05,13.823941469192505,41.92442552396096,False,-,12599,-,-,2.1010666441374112e-05,2.1000000000000006e-05,4,-
fark,y form,2.1000000000000006e-05,13.567448377609253,39.10009940620512,False,-,13074,-,-,2.1000035915654408e-05,2.1000000000000006e-05,5,-
fark,z form,2.1000000000000006e-05,16.81809115409851,50.32432125904597,False,-,12599,-,-,2.1010666441374112e-05,2.1000000000000006e-05,5,-
fark,y exact,2.1000000000000006e-05,1803.0379140377045,7182.510181776015,True,-,12599,7897.0,-,2.1006109999434225e-05,2.1000000000000006e-05,-,-
fark,z exact,2.1000000000000006e-05,1801.9528160095215,7176.577238189988,True,-,12593,4857.0,-,2.100251240619526e-05,2.1000000000000006e-05,-,-
comics,global,2.1000000000000006e-05,74.8456,-,-,-,13711,-,-,2.10037e-05,-,-,-
comics,local,2.1000000000000006e-05,-,-,-,-,-,-,-,-,-,-,parse error
fark,y form,2.2000000000000006e-05,1.7089250087738037,3.3330279730726033,False,-,15863,-,-,2.5586418975394426e-05,2.2000000000000006e-05,1,-
fark,z form,2.2000000000000006e-05,1.710946798324585,3.9635500819422305,False,-,15875,-,-,2.6108131714047836e-05,2.2000000000000006e-05,1,-
fark,y form,2.2000000000000006e-05,3.878035306930542,9.129181210882962,False,-,13776,-,-,2.2000618377673075e-05,2.2000000000000006e-05,2,-
fark,z form,2.2000000000000006e-05,3.9411330223083496,9.27726457780227,False,-,13301,-,-,2.2011755410082658e-05,2.2000000000000006e-05,2,-
fark,y form,2.2000000000000006e-05,7.212457895278931,19.524127159034833,False,-,13776,-,-,2.2000618377673075e-05,2.2000000000000006e-05,3,-
fark,z form,2.2000000000000006e-05,7.856626987457275,21.49331545899622,False,-,13301,-,-,2.2011755410082658e-05,2.2000000000000006e-05,3,-
fark,y form,2.2000000000000006e-05,11.587829828262329,34.16206997190602,False,-,13776,-,-,2.2000618377673075e-05,2.2000000000000006e-05,4,-
fark,z form,2.2000000000000006e-05,13.132115602493286,39.08245759899728,False,-,13301,-,-,2.2011755410082658e-05,2.2000000000000006e-05,4,-
fark,y form,2.2000000000000006e-05,12.2544105052948,33.93949423194863,False,-,13776,-,-,2.2000618377673075e-05,2.2000000000000006e-05,5,-
fark,z form,2.2000000000000006e-05,14.956099510192871,42.89237565686926,False,-,13301,-,-,2.2011755410082658e-05,2.2000000000000006e-05,5,-
fark,y exact,2.2000000000000006e-05,1803.0084872245789,7182.771104722982,True,-,13300,8229.0,-,2.2002795303218583e-05,2.2000000000000006e-05,-,-
fark,z exact,2.2000000000000006e-05,1813.9672315120697,7224.569590582047,True,-,13295,5176.0,-,2.2003212862002834e-05,2.2000000000000006e-05,-,-
comics,global,2.2000000000000006e-05,119.606,-,-,-,14329,-,-,2.20014e-05,-,-,-
comics,local,2.2000000000000006e-05,-,-,-,-,-,-,-,-,-,-,parse error
fark,y form,2.3000000000000007e-05,2.967052936553955,8.323907273821533,False,-,15863,-,-,2.5586418975394426e-05,2.3000000000000007e-05,1,-
fark,z form,2.3000000000000007e-05,1.9222280979156494,4.7626889809034765,False,-,15875,-,-,2.6108131714047836e-05,2.3000000000000007e-05,1,-
fark,y form,2.3000000000000007e-05,3.732377529144287,8.514623511116952,False,-,14445,-,-,2.3002651294727447e-05,2.3000000000000007e-05,2,-
fark,z form,2.3000000000000007e-05,3.4809927940368652,7.52237867214717,False,-,13964,-,-,2.300098745215255e-05,2.3000000000000007e-05,2,-
fark,y form,2.3000000000000007e-05,6.231332302093506,15.633409830043092,False,-,14445,-,-,2.3002651294727447e-05,2.3000000000000007e-05,3,-
fark,z form,2.3000000000000007e-05,7.266589403152466,19.115551482886076,False,-,13964,-,-,2.300098745215255e-05,2.3000000000000007e-05,3,-
fark,y form,2.3000000000000007e-05,11.292190790176392,32.88817197014578,False,-,14445,-,-,2.3002651294727447e-05,2.3000000000000007e-05,4,-
fark,z form,2.3000000000000007e-05,9.99151062965393,26.484909754944965,False,-,13964,-,-,2.300098745215255e-05,2.3000000000000007e-05,4,-
fark,y form,2.3000000000000007e-05,11.927652359008789,32.53147618798539,False,-,14445,-,-,2.3002651294727447e-05,2.3000000000000007e-05,5,-
fark,z form,2.3000000000000007e-05,15.39359426498413,44.61865689908154,False,-,13964,-,-,2.300098745215255e-05,2.3000000000000007e-05,5,-
fark,y exact,2.3000000000000007e-05,1803.0256748199463,7183.394950209884,True,-,13983,9161.0,-,2.300282904990959e-05,2.3000000000000007e-05,-,-
fark,z exact,2.3000000000000007e-05,1818.7904305458069,7243.977887160843,True,-,13963,5206.0,-,2.30009874521526e-05,2.3000000000000007e-05,-,-
comics,global,2.3000000000000007e-05,135.515,-,-,-,14940,-,-,2.30037e-05,-,-,-
comics,local,2.3000000000000007e-05,-,-,-,-,-,-,-,-,-,-,parse error
fark,y form,2.4000000000000007e-05,1.7314801216125488,3.41166056599468,False,-,15863,-,-,2.5586418975394426e-05,2.4000000000000007e-05,1,-
fark,z form,2.4000000000000007e-05,1.6461381912231445,3.695204721065238,False,-,15875,-,-,2.6108131714047836e-05,2.4000000000000007e-05,1,-
fark,y form,2.4000000000000007e-05,4.66594123840332,12.268184893066064,False,-,15089,-,-,2.4001818317623888e-05,2.4000000000000007e-05,2,-
fark,z form,2.4000000000000007e-05,3.3908329010009766,7.169540090952069,False,-,14614,-,-,2.4013968389601928e-05,2.4000000000000007e-05,2,-
fark,y form,2.4000000000000007e-05,8.279509544372559,23.78591080592014,False,-,15089,-,-,2.4001818317623888e-05,2.4000000000000007e-05,3,-
fark,z form,2.4000000000000007e-05,6.2610533237457275,15.087464950047433,False,-,14614,-,-,2.4013968389601928e-05,2.4000000000000007e-05,3,-
fark,y form,2.4000000000000007e-05,11.069279193878174,32.081720614107326,False,-,15089,-,-,2.4001818317623888e-05,2.4000000000000007e-05,4,-
fark,z form,2.4000000000000007e-05,7.422365665435791,16.261866327142343,False,-,14614,-,-,2.4013968389601928e-05,2.4000000000000007e-05,4,-
fark,y form,2.4000000000000007e-05,11.869422674179077,32.39907723898068,False,-,15089,-,-,2.4001818317623888e-05,2.4000000000000007e-05,5,-
fark,z form,2.4000000000000007e-05,11.434873342514038,28.8059459279757,False,-,14614,-,-,2.4013968389601928e-05,2.4000000000000007e-05,5,-
fark,y exact,2.4000000000000007e-05,1803.376662015915,7183.376115007093,True,-,14607,9843.0,-,2.4000083976603117e-05,2.4000000000000007e-05,-,-
fark,z exact,2.4000000000000007e-05,1802.1871345043182,7176.91047353507,True,-,14608,5610.0,-,2.4004648802165248e-05,2.4000000000000007e-05,-,-
comics,global,2.4000000000000007e-05,145.24,-,-,-,15507,-,-,2.40023e-05,-,-,-
comics,local,2.4000000000000007e-05,-,-,-,-,-,-,-,-,-,-,parse error
fark,y form,2.5000000000000008e-05,1.7215619087219238,3.3538013889919966,False,-,15863,-,-,2.5586418975394426e-05,2.5000000000000008e-05,1,-
fark,z form,2.5000000000000008e-05,1.6033062934875488,3.5128472989890724,False,-,15875,-,-,2.6108131714047836e-05,2.5000000000000008e-05,1,-
fark,y form,2.5000000000000008e-05,4.311582565307617,10.88978949491866,False,-,15578,-,-,2.5001021587288984e-05,2.5000000000000008e-05,2,-
fark,z form,2.5000000000000008e-05,3.314392566680908,6.8417964649852365,False,-,15225,-,-,2.5006812708393178e-05,2.5000000000000008e-05,2,-
fark,y form,2.5000000000000008e-05,5.485236167907715,12.642010075971484,False,-,15578,-,-,2.5001021587288984e-05,2.5000000000000008e-05,3,-
fark,z form,2.5000000000000008e-05,6.785306215286255,17.255806079832837,False,-,15225,-,-,2.5006812708393178e-05,2.5000000000000008e-05,3,-
fark,y form,2.5000000000000008e-05,8.540265083312988,21.92074980214238,False,-,15578,-,-,2.5001021587288984e-05,2.5000000000000008e-05,4,-
fark,z form,2.5000000000000008e-05,7.427419424057007,16.22590382094495,False,-,15225,-,-,2.5006812708393178e-05,2.5000000000000008e-05,4,-
fark,y form,2.5000000000000008e-05,10.001307725906372,24.861783266998827,False,-,15578,-,-,2.5001021587288984e-05,2.5000000000000008e-05,5,-
fark,z form,2.5000000000000008e-05,8.772141218185425,18.126811273861676,False,-,15225,-,-,2.5006812708393178e-05,2.5000000000000008e-05,5,-
fark,y exact,2.5000000000000008e-05,1810.773442029953,7212.112838531844,True,-,15223,10650.0,-,2.5002057307083004e-05,2.5000000000000008e-05,-,-
fark,z exact,2.5000000000000008e-05,1802.2719974517822,7177.008388604969,True,-,15224,5872.0,-,2.5006812708393175e-05,2.5000000000000008e-05,-,-
comics,global,2.5000000000000008e-05,210.958,-,-,-,15876,-,-,2.50018e-05,-,-,-
comics,local,2.5000000000000008e-05,-,-,-,-,-,-,-,-,-,-,parse error
fark,y form,2.600000000000001e-05,2.382296323776245,5.99786526709795,False,-,15869,-,-,2.6097999402193826e-05,2.600000000000001e-05,1,-
fark,z form,2.600000000000001e-05,1.5636024475097656,3.3615263979882,False,-,15875,-,-,2.6108131714047836e-05,2.600000000000001e-05,1,-
fark,y form,2.600000000000001e-05,3.4900295734405518,7.579500345047563,False,-,15821,-,-,2.600475823652354e-05,2.600000000000001e-05,2,-
fark,z form,2.600000000000001e-05,3.1460025310516357,6.119747442891821,False,-,15823,-,-,2.6018268954148504e-05,2.600000000000001e-05,2,-
fark,y form,2.600000000000001e-05,6.2345850467681885,15.56962694786489,False,-,15821,-,-,2.600475823652354e-05,2.600000000000001e-05,3,-
fark,z form,2.600000000000001e-05,4.76795506477356,9.101623245049268,False,-,15823,-,-,2.6018268954148504e-05,2.600000000000001e-05,3,-
fark,y form,2.600000000000001e-05,7.117045879364014,16.135701162042096,False,-,15821,-,-,2.600475823652354e-05,2.600000000000001e-05,4,-
fark,z form,2.600000000000001e-05,6.369312286376953,11.957010769052431,False,-,15823,-,-,2.6018268954148504e-05,2.600000000000001e-05,4,-
fark,y form,2.600000000000001e-05,9.729081392288208,23.758764649974182,False,-,15821,-,-,2.600475823652354e-05,2.600000000000001e-05,5,-
fark,z form,2.600000000000001e-05,8.216236114501953,15.825227620080113,False,-,15823,-,-,2.6018268954148504e-05,2.600000000000001e-05,5,-
fark,y exact,2.600000000000001e-05,1803.0470685958862,7180.674344312865,True,-,15815,12349.0,-,2.60003045540678e-05,2.600000000000001e-05,-,-
fark,z exact,2.600000000000001e-05,1802.2299597263336,7174.990459872875,True,-,15815,9332.0,-,2.60003045540678e-05,2.600000000000001e-05,-,-
comics,global,2.600000000000001e-05,-,-,-,-,-,-,-,-,-,-,error
comics,local,2.600000000000001e-05,-,-,-,-,-,-,-,-,-,-,parse error
