tool,mode,threshold,t_wall,t_cpu,timeout,mc time,states,lower_bound,trans,prob,prob LP,heur_iter,info (total states:1805)
fark,y form,0.01,0.14911150932312012,0.14912002099936217,False,-,419,-,-,0.07387579821384314,0.010000000000000002,1,-
fark,z form,0.01,0.13932585716247559,0.13933095900029002,False,-,22,-,-,0.04506655839247001,0.01,1,-
fark,y form,0.01,0.28600263595581055,0.2856109809999907,False,-,17,-,-,0.019318285868533912,0.01,2,-
fark,z form,0.01,0.26213812828063965,0.26214738299950113,False,-,19,-,-,0.030355571767195715,0.01,2,-
fark,y form,0.01,0.4133260250091553,0.4133147460006512,False,-,17,-,-,0.019318285868533912,0.01,3,-
fark,z form,0.01,0.39521288871765137,0.3952047840002706,False,-,17,-,-,0.01931828586853391,0.01,3,-
fark,y form,0.01,0.5483736991882324,0.54838197799927,False,-,17,-,-,0.019318285868533912,0.01,4,-
fark,z form,0.01,0.5272693634033203,0.527242600000136,False,-,17,-,-,0.01931828586853391,0.01,4,-
fark,y form,0.01,0.6839804649353027,0.6836224790004053,False,-,17,-,-,0.019318285868533912,0.01,5,-
fark,z form,0.01,0.6592309474945068,0.6592303950001224,False,-,17,-,-,0.01931828586853391,0.01,5,-
fark,y exact,0.01,3.5466248989105225,12.747361851000278,False,-,14,14.0,-,0.013012256434771906,0.01,-,-
fark,z exact,0.01,0.4705016613006592,1.1458065609995174,False,-,14,14.0,-,0.013012256434771904,0.01,-,-
comics,global,0.01,0.000296,-,-,-,15,-,-,0.0130123,-,-,-
comics,local,0.01,0.000611,-,-,-,15,-,-,0.0130123,-,-,-
fark,y form,0.02,0.15007853507995605,0.15009213799930876,False,-,419,-,-,0.07387579821384314,0.020000000000000004,1,-
fark,z form,0.02,0.13362979888916016,0.1336384280002676,False,-,22,-,-,0.04506655839247001,0.02,1,-
fark,y form,0.02,0.29085326194763184,0.2908393920006347,False,-,26,-,-,0.023654114646863126,0.02,2,-
fark,z form,0.02,0.2630143165588379,0.26300675499987847,False,-,19,-,-,0.030355571767195715,0.02,2,-
fark,y form,0.02,0.41501665115356445,0.41501121500004956,False,-,26,-,-,0.023654114646863126,0.02,3,-
fark,z form,0.02,0.39696168899536133,0.3966384430004837,False,-,19,-,-,0.030355571767195715,0.02,3,-
fark,y form,0.02,0.5534303188323975,0.5534358830000201,False,-,26,-,-,0.023654114646863126,0.02,4,-
fark,z form,0.02,0.5306169986724854,0.5306220129996291,False,-,19,-,-,0.030355571767195715,0.02,4,-
fark,y form,0.02,0.6826305389404297,0.6826137340003697,False,-,26,-,-,0.023654114646863126,0.02,5,-
fark,z form,0.02,0.6571848392486572,0.6571744000002582,False,-,19,-,-,0.030355571767195715,0.02,5,-
fark,y exact,0.02,4.165457248687744,15.184808816999976,False,-,16,16.0,-,0.02044666314666142,0.02,-,-
fark,z exact,0.02,0.5820837020874023,1.5898426710000422,False,-,16,16.0,-,0.02044666314666142,0.02,-,-
comics,global,0.02,0.000303,-,-,-,17,-,-,0.0204467,-,-,-
comics,local,0.02,0.00094,-,-,-,17,-,-,0.0204467,-,-,-
fark,y form,0.03,0.15083742141723633,0.15084593299980043,False,-,419,-,-,0.07387579821384314,0.03,1,-
fark,z form,0.03,0.13401150703430176,0.13402031500027078,False,-,22,-,-,0.04506655839247001,0.03,1,-
fark,y form,0.03,0.291841983795166,0.2918372259991884,False,-,31,-,-,0.032192422106802364,0.03,2,-
fark,z form,0.03,0.2609713077545166,0.26097982300052536,False,-,19,-,-,0.030355571767195715,0.03,2,-
fark,y form,0.03,0.41449594497680664,0.4145019819998197,False,-,31,-,-,0.032192422106802364,0.03,3,-
fark,z form,0.03,0.39263010025024414,0.392637939999986,False,-,19,-,-,0.030355571767195715,0.03,3,-
fark,y form,0.03,0.5417623519897461,0.5417643830005545,False,-,31,-,-,0.032192422106802364,0.03,4,-
fark,z form,0.03,0.5133373737335205,0.5133264040005088,False,-,19,-,-,0.030355571767195715,0.03,4,-
fark,y form,0.03,0.6786386966705322,0.678642378999939,False,-,31,-,-,0.032192422106802364,0.03,5,-
fark,z form,0.03,0.6606316566467285,0.6605756910003038,False,-,19,-,-,0.030355571767195715,0.03,5,-
fark,y exact,0.03,3.262326240539551,11.573356627999601,False,-,19,19.0,-,0.030355571767195715,0.03,-,-
fark,z exact,0.03,0.6068160533905029,1.678998722999495,False,-,19,19.0,-,0.030355571767195715,0.03,-,-
comics,global,0.03,0.000329,-,-,-,23,-,-,0.0325751,-,-,-
comics,local,0.03,0.001618,-,-,-,20,-,-,0.0303556,-,-,-
fark,y form,0.04,0.1509380340576172,0.1509342689996629,False,-,419,-,-,0.07387579821384314,0.04000000000000001,1,-
fark,z form,0.04,0.1345813274383545,0.13458705299944995,False,-,22,-,-,0.04506655839247001,0.04,1,-
fark,y form,0.04,0.2912743091583252,0.2912858999998207,False,-,45,-,-,0.04077203344299556,0.04,2,-
fark,z form,0.04,0.26398277282714844,0.2637723300003927,False,-,22,-,-,0.04506655839247001,0.04,2,-
fark,y form,0.04,0.41785573959350586,0.41782583799977147,False,-,45,-,-,0.04077203344299556,0.04,3,-
fark,z form,0.04,0.39054155349731445,0.39053856400005316,False,-,22,-,-,0.04506655839247001,0.04,3,-
fark,y form,0.04,0.5532946586608887,0.5532992759999615,False,-,45,-,-,0.04077203344299556,0.04,4,-
fark,z form,0.04,0.5252630710601807,0.5252882710001359,False,-,22,-,-,0.04506655839247001,0.04,4,-
fark,y form,0.04,0.6944329738616943,0.6944347890002973,False,-,45,-,-,0.04077203344299556,0.04,5,-
fark,z form,0.04,0.6585943698883057,0.6586120770007255,False,-,22,-,-,0.04506655839247001,0.04,5,-
fark,y exact,0.04,3.492548942565918,12.531092495999474,False,-,22,22.0,-,0.04506655839247001,0.04,-,-
fark,z exact,0.04,0.71311354637146,2.0973479179992864,False,-,22,22.0,-,0.04506655839247001,0.04,-,-
comics,global,0.04,0.000383,-,-,-,39,-,-,0.0410669,-,-,-
comics,local,0.04,0.002312,-,-,-,23,-,-,0.0450666,-,-,-
fark,y form,0.05,0.1509077548980713,0.1509213709996402,False,-,419,-,-,0.07387579821384314,0.05,1,-
fark,z form,0.05,0.13432717323303223,0.13432737000039197,False,-,50,-,-,0.10513327613401552,0.05,1,-
fark,y form,0.05,0.29405999183654785,0.29406429099981324,False,-,73,-,-,0.050300043124880775,0.05000000000000001,2,-
fark,z form,0.05,0.2648642063140869,0.2648774789995514,False,-,44,-,-,0.07892229983681757,0.05,2,-
fark,y form,0.05,0.41716980934143066,0.4171820559995467,False,-,73,-,-,0.050300043124880775,0.05000000000000001,3,-
fark,z form,0.05,0.39609646797180176,0.39573911299976317,False,-,31,-,-,0.05794069453742673,0.05,3,-
fark,y form,0.05,0.5628371238708496,0.5628531160000421,False,-,73,-,-,0.050300043124880775,0.05000000000000001,4,-
fark,z form,0.05,0.5268096923828125,0.5268243689997689,False,-,31,-,-,0.05794069453742673,0.05,4,-
fark,y form,0.05,0.6977674961090088,0.6977232180006467,False,-,73,-,-,0.050300043124880775,0.05000000000000001,5,-
fark,z form,0.05,0.6547961235046387,0.6548021560001871,False,-,31,-,-,0.05794069453742673,0.05,5,-
fark,y exact,0.05,3.396850824356079,12.042341369000496,False,-,29,29.0,-,0.05150362650012609,0.05150362665815997,-,-
fark,z exact,0.05,1.6716558933258057,5.9227428639997015,False,-,29,29.0,-,0.05150362650012609,0.05,-,-
comics,global,0.05,0.00043,-,-,-,41,-,-,0.0527893,-,-,-
comics,local,0.05,0.002618,-,-,-,30,-,-,0.0515036,-,-,-
fark,y form,0.060000000000000005,0.15094447135925293,0.15095937000023696,False,-,419,-,-,0.07387579821384314,0.06,1,-
fark,z form,0.060000000000000005,0.13617491722106934,0.136176830000295,False,-,50,-,-,0.10513327613401552,0.060000000000000005,1,-
fark,y form,0.060000000000000005,0.28637099266052246,0.2863758710000184,False,-,139,-,-,0.06025123304249825,0.060000000000000005,2,-
fark,z form,0.060000000000000005,0.2723262310028076,0.27232678800010035,False,-,44,-,-,0.07892229983681757,0.060000000000000005,2,-
fark,y form,0.060000000000000005,0.4287877082824707,0.4288013460000002,False,-,136,-,-,0.06002485964911796,0.060000000000000005,3,-
fark,z form,0.060000000000000005,0.3952915668487549,0.39532239900017885,False,-,33,-,-,0.06529618789464593,0.060000000000000005,3,-
fark,y form,0.060000000000000005,0.5707261562347412,0.5703511840001738,False,-,136,-,-,0.06002485964911796,0.060000000000000005,4,-
fark,z form,0.060000000000000005,0.5240695476531982,0.5240890349996334,False,-,33,-,-,0.06529618789464593,0.060000000000000005,4,-
fark,y form,0.060000000000000005,0.7038040161132812,0.7038290700002108,False,-,136,-,-,0.06002485964911796,0.060000000000000005,5,-
fark,z form,0.060000000000000005,0.6520118713378906,0.6520025530007842,False,-,33,-,-,0.06529618789464593,0.060000000000000005,5,-
fark,y exact,0.060000000000000005,4.801515340805054,17.704143367000142,False,-,33,33.0,-,0.06529618789464593,0.06000000000000001,-,-
fark,z exact,0.060000000000000005,1.5441133975982666,5.40539969800011,False,-,33,33.0,-,0.06529618789464593,0.060000000000000005,-,-
comics,global,0.060000000000000005,0.000436,-,-,-,41,-,-,0.0634593,-,-,-
comics,local,0.060000000000000005,0.003304,-,-,-,34,-,-,0.0652962,-,-,-
fark,y form,0.07,0.15157270431518555,0.15158612499999435,False,-,419,-,-,0.07387579821384314,0.07,1,-
fark,z form,0.07,0.13467931747436523,0.13469044599969493,False,-,50,-,-,0.10513327613401552,0.07,1,-
fark,y form,0.07,0.29201579093933105,0.29201832299986563,False,-,194,-,-,0.07005217727593231,0.07,2,-
fark,z form,0.07,0.2701599597930908,0.2701498759997776,False,-,44,-,-,0.07892229983681757,0.07,2,-
fark,y form,0.07,0.43051767349243164,0.43051964300047985,False,-,194,-,-,0.07005217727593231,0.07,3,-
fark,z form,0.07,0.39547085762023926,0.3954908040004739,False,-,42,-,-,0.07396784550486736,0.07,3,-
fark,y form,0.07,0.573296308517456,0.5732992749999539,False,-,194,-,-,0.07005217727593231,0.07,4,-
fark,z form,0.07,0.5240216255187988,0.5240415629996278,False,-,42,-,-,0.07396784550486736,0.07,4,-
fark,y form,0.07,0.7108445167541504,0.7108458510001583,False,-,194,-,-,0.07005217727593231,0.07,5,-
fark,z form,0.07,0.6564059257507324,0.6564178200005699,False,-,42,-,-,0.07396784550486736,0.07,5,-
fark,y exact,0.07,2.8747098445892334,10.016111054999783,False,-,36,36.0,-,0.07509991731751026,0.07,-,-
fark,z exact,0.07,1.9048116207122803,6.846999847000006,False,-,36,36.0,-,0.07509991731751026,0.07,-,-
comics,global,0.07,0.000518,-,-,-,60,-,-,0.0773153,-,-,-
comics,local,0.07,0.003771,-,-,-,37,-,-,0.0706006,-,-,-
fark,y form,0.08,0.15213632583618164,0.15214929200010374,False,-,421,-,-,0.1160839067657465,0.08000000000000002,1,-
fark,z form,0.08,0.13636255264282227,0.13637496000046667,False,-,50,-,-,0.10513327613401552,0.08,1,-
fark,y form,0.08,0.2884957790374756,0.28851278199999797,False,-,100,-,-,0.08230961349732263,0.08,2,-
fark,z form,0.08,0.27086853981018066,0.2708794129994203,False,-,47,-,-,0.09532954684431566,0.08,2,-
fark,y form,0.08,0.4214177131652832,0.4213874910001323,False,-,85,-,-,0.08069110400034679,0.08,3,-
fark,z form,0.08,0.39614248275756836,0.3961609859998134,False,-,47,-,-,0.09532954684431566,0.08,3,-
fark,y form,0.08,0.561119556427002,0.5610653490002733,False,-,85,-,-,0.08069110400034679,0.08,4,-
fark,z form,0.08,0.5271530151367188,0.5271245090007142,False,-,47,-,-,0.09532954684431566,0.08,4,-
fark,y form,0.08,0.6994588375091553,0.6994654430000082,False,-,85,-,-,0.08069110400034679,0.08,5,-
fark,z form,0.08,0.6559250354766846,0.6559301930001311,False,-,47,-,-,0.09532954684431566,0.08,5,-
fark,y exact,0.08,5.32746148109436,19.845618415999525,False,-,43,43.0,-,0.08153698538907303,0.08,-,-
fark,z exact,0.08,3.087344169616699,11.569679147999523,False,-,43,43.0,-,0.08153698538907303,0.08,-,-
comics,global,0.08,0.000534,-,-,-,62,-,-,0.0822698,-,-,-
comics,local,0.08,0.004486,-,-,-,44,-,-,0.081537,-,-,-
fark,y form,0.09,0.15155863761901855,0.15157149599963304,False,-,421,-,-,0.1160839067657465,0.09,1,-
fark,z form,0.09,0.1348567008972168,0.13486951899994892,False,-,50,-,-,0.10513327613401552,0.09,1,-
fark,y form,0.09,0.2895209789276123,0.2895414089998667,False,-,141,-,-,0.09467509911561452,0.09,2,-
fark,z form,0.09,0.2706120014190674,0.2706341200000679,False,-,47,-,-,0.09532954684431566,0.09,2,-
fark,y form,0.09,0.42464709281921387,0.4246471200003725,False,-,141,-,-,0.09467509911561452,0.09,3,-
fark,z form,0.09,0.3929738998413086,0.3929838160001964,False,-,47,-,-,0.09532954684431566,0.09,3,-
fark,y form,0.09,0.5654652118682861,0.5651506009999139,False,-,141,-,-,0.09467509911561452,0.09,4,-
fark,z form,0.09,0.5205445289611816,0.5205576339994877,False,-,47,-,-,0.09532954684431566,0.09,4,-
fark,y form,0.09,0.6923911571502686,0.6923919159999059,False,-,141,-,-,0.09467509911561452,0.09,5,-
fark,z form,0.09,0.6450057029724121,0.6450236870005028,False,-,47,-,-,0.09532954684431566,0.09,5,-
fark,y exact,0.09,6.3329997062683105,23.861464886999784,False,-,47,47.0,-,0.09532954684431566,0.09,-,-
fark,z exact,0.09,3.2601356506347656,12.270273479000025,False,-,47,47.0,-,0.09532954684431566,0.09,-,-
comics,global,0.09,0.000699,-,-,-,69,-,-,0.0939614,-,-,-
comics,local,0.09,0.005276,-,-,-,48,-,-,0.0953295,-,-,-
fark,y form,0.09999999999999999,0.15317893028259277,0.15318808600022749,False,-,421,-,-,0.1160839067657465,0.09999999999999998,1,-
fark,z form,0.09999999999999999,0.13660335540771484,0.13660171199990145,False,-,50,-,-,0.10513327613401552,0.09999999999999999,1,-
fark,y form,0.09999999999999999,0.2905137538909912,0.29016414800025814,False,-,157,-,-,0.10052586746446587,0.09999999999999999,2,-
fark,z form,0.09999999999999999,0.27075839042663574,0.270767848000105,False,-,50,-,-,0.10513327613401552,0.09999999999999999,2,-
fark,y form,0.09999999999999999,0.4281597137451172,0.4281664740001361,False,-,157,-,-,0.10052586746446587,0.09999999999999999,3,-
fark,z form,0.09999999999999999,0.39740586280822754,0.3973911670000234,False,-,50,-,-,0.10513327613401552,0.09999999999999999,3,-
fark,y form,0.09999999999999999,0.5695366859436035,0.5695416630005639,False,-,157,-,-,0.10052586746446587,0.09999999999999999,4,-
fark,z form,0.09999999999999999,0.5243945121765137,0.5243521729998974,False,-,50,-,-,0.10513327613401552,0.09999999999999999,4,-
fark,y form,0.09999999999999999,0.7065060138702393,0.7061685329999818,False,-,157,-,-,0.10052586746446587,0.09999999999999999,5,-
fark,z form,0.09999999999999999,0.6561248302459717,0.6561363609998807,False,-,50,-,-,0.10513327613401552,0.09999999999999999,5,-
fark,y exact,0.09999999999999999,6.541526556015015,24.675905072000205,False,-,50,50.0,-,0.10513327613401552,0.09999999999999999,-,-
fark,z exact,0.09999999999999999,4.049603462219238,15.400030638000317,False,-,50,50.0,-,0.10513327613401552,0.09999999999999999,-,-
comics,global,0.09999999999999999,0.000796,-,-,-,79,-,-,0.104327,-,-,-
comics,local,0.09999999999999999,0.005701,-,-,-,51,-,-,0.100634,-,-,-
fark,y form,0.10999999999999999,0.15073680877685547,0.15074898799957737,False,-,421,-,-,0.1160839067657465,0.10999999999999999,1,-
fark,z form,0.10999999999999999,0.13539361953735352,0.1354071310006475,False,-,78,-,-,0.16517797538722787,0.10999999999999999,1,-
fark,y form,0.10999999999999999,0.29253649711608887,0.29255068600014056,False,-,196,-,-,0.11007570287983402,0.10999999999999999,2,-
fark,z form,0.10999999999999999,0.26804327964782715,0.2680558629999723,False,-,61,-,-,0.13209622785178818,0.10999999999999999,2,-
fark,y form,0.10999999999999999,0.4348769187927246,0.4344748539997454,False,-,196,-,-,0.11007570287983402,0.10999999999999999,3,-
fark,z form,0.10999999999999999,0.39624738693237305,0.39622687900009623,False,-,59,-,-,0.12229249860027905,0.10999999999999999,3,-
fark,y form,0.10999999999999999,0.5691595077514648,0.5691413810000086,False,-,196,-,-,0.11007570287983402,0.10999999999999999,4,-
fark,z form,0.10999999999999999,0.5276119709014893,0.5275735459999851,False,-,59,-,-,0.12229249860027905,0.10999999999999999,4,-
fark,y form,0.10999999999999999,0.7110059261322021,0.7110223509998832,False,-,196,-,-,0.11007570287983402,0.10999999999999999,5,-
fark,z form,0.10999999999999999,0.660240888595581,0.6599220030002471,False,-,59,-,-,0.12229249860027905,0.10999999999999999,5,-
fark,y exact,0.10999999999999999,8.353152990341187,31.925064723000105,False,-,57,57.0,-,0.11371288736898988,0.11000000000000004,-,-
fark,z exact,0.10999999999999999,4.5218281745910645,17.27041758500036,False,-,57,57.0,-,0.11371288736898988,0.10999999999999999,-,-
comics,global,0.10999999999999999,0.000914,-,-,-,90,-,-,0.110973,-,-,-
comics,local,0.10999999999999999,0.006425,-,-,-,58,-,-,0.113713,-,-,-
fark,y form,0.11999999999999998,0.15204501152038574,0.15203564400053438,False,-,430,-,-,0.13162892069081164,0.12,1,-
fark,z form,0.11999999999999998,0.1346428394317627,0.1346513810003671,False,-,78,-,-,0.16517797538722787,0.11999999999999998,1,-
fark,y form,0.11999999999999998,0.2904195785522461,0.29043566299969825,False,-,193,-,-,0.12040225276654365,0.11999999999999997,2,-
fark,z form,0.11999999999999998,0.26581525802612305,0.2658297260004474,False,-,61,-,-,0.13209622785178818,0.11999999999999998,2,-
fark,y form,0.11999999999999998,0.4344136714935303,0.43436584400024003,False,-,193,-,-,0.12040225276654365,0.11999999999999997,3,-
fark,z form,0.11999999999999998,0.3964715003967285,0.3964896500001487,False,-,59,-,-,0.12229249860027905,0.11999999999999998,3,-
fark,y form,0.11999999999999998,0.5703878402709961,0.5699769839993678,False,-,193,-,-,0.12040225276654365,0.11999999999999997,4,-
fark,z form,0.11999999999999998,0.5233821868896484,0.5233903130001636,False,-,59,-,-,0.12229249860027905,0.11999999999999998,4,-
fark,y form,0.11999999999999998,0.6998693943023682,0.6998626949998652,False,-,193,-,-,0.12040225276654365,0.11999999999999997,5,-
fark,z form,0.11999999999999998,0.6460061073303223,0.6459959709991381,False,-,59,-,-,0.12229249860027905,0.11999999999999998,5,-
fark,y exact,0.11999999999999998,7.60813045501709,28.933640828000534,False,-,59,59.0,-,0.12229249860027905,0.12,-,-
fark,z exact,0.11999999999999998,4.890593767166138,18.745574052999473,False,-,59,59.0,-,0.12229249860027905,0.11999999999999998,-,-
comics,global,0.11999999999999998,0.001129,-,-,-,96,-,-,0.127458,-,-,-
comics,local,0.11999999999999998,0.007365,-,-,-,62,-,-,0.132096,-,-,-
fark,y form,0.12999999999999998,0.15328645706176758,0.1533010759994795,False,-,430,-,-,0.13162892069081164,0.12999999999999998,1,-
fark,z form,0.12999999999999998,0.13447070121765137,0.13447929799986014,False,-,78,-,-,0.16517797538722787,0.12999999999999998,1,-
fark,y form,0.12999999999999998,0.29342031478881836,0.2934355810002671,False,-,282,-,-,0.1307260191591686,0.12999999999999995,2,-
fark,z form,0.12999999999999998,0.265150785446167,0.2651655279996703,False,-,61,-,-,0.13209622785178818,0.12999999999999998,2,-
fark,y form,0.12999999999999998,0.44159889221191406,0.44156349300010334,False,-,282,-,-,0.1307260191591686,0.12999999999999995,3,-
fark,z form,0.12999999999999998,0.3951120376586914,0.3951321780004946,False,-,61,-,-,0.13209622785178818,0.12999999999999998,3,-
fark,y form,0.12999999999999998,0.574221134185791,0.5742017299999134,False,-,282,-,-,0.1307260191591686,0.12999999999999995,4,-
fark,z form,0.12999999999999998,0.5215404033660889,0.5215358859995831,False,-,61,-,-,0.13209622785178818,0.12999999999999998,4,-
fark,y form,0.12999999999999998,0.7154312133789062,0.7154404449993308,False,-,282,-,-,0.1307260191591686,0.12999999999999995,5,-
fark,z form,0.12999999999999998,0.6639003753662109,0.6635814000001119,False,-,61,-,-,0.13209622785178818,0.12999999999999998,5,-
fark,y exact,0.12999999999999998,4.528918981552124,16.655027298000277,False,-,61,61.0,-,0.13209622785178818,0.12999999999999998,-,-
fark,z exact,0.12999999999999998,4.248106479644775,16.1771715900004,False,-,61,61.0,-,0.13209622785178818,0.12999999999999998,-,-
comics,global,0.12999999999999998,0.001254,-,-,-,96,-,-,0.134568,-,-,-
comics,local,0.12999999999999998,0.00736,-,-,-,62,-,-,0.132096,-,-,-
fark,y form,0.13999999999999999,0.1548771858215332,0.15488159199958318,False,-,482,-,-,0.270691516233704,0.13999999999999999,1,-
fark,z form,0.13999999999999999,0.13493847846984863,0.13495007300025463,False,-,78,-,-,0.16517797538722787,0.13999999999999999,1,-
fark,y form,0.13999999999999999,0.29326891899108887,0.29327340700001514,False,-,87,-,-,0.14168360108127695,0.13999999999999999,2,-
fark,z form,0.13999999999999999,0.2664201259613037,0.2664334390001386,False,-,64,-,-,0.14516307562661038,0.13999999999999999,2,-
fark,y form,0.13999999999999999,0.43173933029174805,0.4317509440006688,False,-,87,-,-,0.14168360108127695,0.14,3,-
fark,z form,0.13999999999999999,0.39795637130737305,0.3979707789994791,False,-,64,-,-,0.14516307562661038,0.13999999999999999,3,-
fark,y form,0.13999999999999999,0.562577486038208,0.5622977889997856,False,-,87,-,-,0.14168360108127695,0.14,4,-
fark,z form,0.13999999999999999,0.5320167541503906,0.532035217000157,False,-,64,-,-,0.14516307562661038,0.13999999999999999,4,-
fark,y form,0.13999999999999999,0.6975727081298828,0.697589856000377,False,-,87,-,-,0.14168360108127695,0.14,5,-
fark,z form,0.13999999999999999,0.6636948585510254,0.6636997890000202,False,-,64,-,-,0.14516307562661038,0.13999999999999999,5,-
fark,y exact,0.13999999999999999,4.992287874221802,18.48855240500052,False,-,64,64.0,-,0.14516307562661038,0.13999999999999999,-,-
fark,z exact,0.13999999999999999,4.9597859382629395,19.025642308999522,False,-,64,64.0,-,0.14516307562661038,0.13999999999999999,-,-
comics,global,0.13999999999999999,0.001631,-,-,-,118,-,-,0.140636,-,-,-
comics,local,0.13999999999999999,0.008171,-,-,-,65,-,-,0.145163,-,-,-
fark,y form,0.15,0.15590262413024902,0.15591458699964278,False,-,482,-,-,0.270691516233704,0.15,1,-
fark,z form,0.15,0.13497018814086914,0.13497112799996103,False,-,78,-,-,0.16517797538722787,0.15,1,-
fark,y form,0.15,0.29155611991882324,0.2915663539997695,False,-,89,-,-,0.16602501947065154,0.15,2,-
fark,z form,0.15,0.26659321784973145,0.26659526500043285,False,-,75,-,-,0.15864455164433994,0.15,2,-
fark,y form,0.15,0.433687686920166,0.43365276399981667,False,-,75,-,-,0.15114865386794307,0.15,3,-
fark,z form,0.15,0.39585256576538086,0.39582371799951943,False,-,73,-,-,0.15374268696808746,0.15,3,-
fark,y form,0.15,0.5602445602416992,0.5598210300004212,False,-,75,-,-,0.15114865386794307,0.15000000000000002,4,-
fark,z form,0.15,0.5311717987060547,0.5311395349999657,False,-,73,-,-,0.15374268696808746,0.15,4,-
fark,y form,0.15,0.6927289962768555,0.6927503580000121,False,-,75,-,-,0.15114865386794307,0.15000000000000002,5,-
fark,z form,0.15,0.6622204780578613,0.6621831809998184,False,-,73,-,-,0.15374268696808746,0.15,5,-
fark,y exact,0.15,7.749370336532593,29.48619800400047,False,-,71,71.0,-,0.15088071970758415,0.15,-,-
fark,z exact,0.15,9.302560806274414,36.35186748399974,False,-,71,71.0,-,0.15088071970758415,0.15,-,-
comics,global,0.15,0.001689,-,-,-,120,-,-,0.152541,-,-,-
comics,local,0.15,0.009266,-,-,-,74,-,-,0.151904,-,-,-
fark,y form,0.16,0.15587830543518066,0.15588684400063357,False,-,482,-,-,0.270691516233704,0.15999999999999998,1,-
fark,z form,0.16,0.13621854782104492,0.1362204160004694,False,-,78,-,-,0.16517797538722787,0.16,1,-
fark,y form,0.16,0.2893061637878418,0.2893132120007067,False,-,86,-,-,0.1611689567100889,0.16,2,-
fark,z form,0.16,0.2647123336791992,0.264712053999574,False,-,78,-,-,0.16517797538722787,0.16,2,-
fark,y form,0.16,0.4273693561553955,0.42736605499976577,False,-,86,-,-,0.1611689567100889,0.16,3,-
fark,z form,0.16,0.39144277572631836,0.3914620069999728,False,-,78,-,-,0.16517797538722787,0.16,3,-
fark,y form,0.16,0.5676636695861816,0.5669876120000481,False,-,86,-,-,0.1611689567100889,0.16,4,-
fark,z form,0.16,0.5367341041564941,0.5367427740002313,False,-,78,-,-,0.16517797538722787,0.16,4,-
fark,y form,0.16,0.6971080303192139,0.6971265219999623,False,-,86,-,-,0.1611689567100889,0.16,5,-
fark,z form,0.16,0.6624245643615723,0.6623965649996535,False,-,78,-,-,0.16517797538722787,0.16,5,-
fark,y exact,0.16,6.158170461654663,23.189099054000508,False,-,75,75.0,-,0.16313178729178404,0.16,-,-
fark,z exact,0.16,19.870137453079224,78.54251662299976,False,-,75,75.0,-,0.16313178729178404,0.16,-,-
comics,global,0.16,0.002969,-,-,-,139,-,-,0.160384,-,-,-
comics,local,0.16,0.010147,-,-,-,79,-,-,0.16218,-,-,-
fark,y form,0.17,0.16101932525634766,0.16067001300052652,False,-,482,-,-,0.270691516233704,0.17,1,-
fark,z form,0.17,0.13604950904846191,0.136058251000577,False,-,106,-,-,0.21853147639670034,0.17,1,-
fark,y form,0.17,0.29381775856018066,0.29382817299938324,False,-,114,-,-,0.17415272842509116,0.17,2,-
fark,z form,0.17,0.2643318176269531,0.2643212439998024,False,-,89,-,-,0.19213104308166692,0.17,2,-
fark,y form,0.17,0.4253394603729248,0.42534921199967357,False,-,99,-,-,0.17013134365645288,0.17,3,-
fark,z form,0.17,0.40247106552124023,0.4024814089998472,False,-,87,-,-,0.1823309074566369,0.17,3,-
fark,y form,0.17,0.5653550624847412,0.56537761600066,False,-,99,-,-,0.17013134365645288,0.17,4,-
fark,z form,0.17,0.535041332244873,0.5350109999999404,False,-,87,-,-,0.1823309074566369,0.17,4,-
fark,y form,0.17,0.7012875080108643,0.7012965839994649,False,-,99,-,-,0.17013134365645288,0.17,5,-
fark,z form,0.17,0.6670854091644287,0.6670594260003782,False,-,87,-,-,0.1823309074566369,0.17,5,-
fark,y exact,0.17,4.958739519119263,18.420845120000195,False,-,78,78.0,-,0.17183982604562958,0.16999999999999998,-,-
fark,z exact,0.17,6.47623872756958,25.084927537000112,False,-,78,78.0,-,0.17183982604562958,0.17,-,-
comics,global,0.17,0.003252,-,-,-,146,-,-,0.17537,-,-,-
comics,local,0.17,0.011206,-,-,-,86,-,-,0.173754,-,-,-
fark,y form,0.18000000000000002,0.1608881950378418,0.160897888999898,False,-,482,-,-,0.270691516233704,0.18000000000000002,1,-
fark,z form,0.18000000000000002,0.1355297565460205,0.13554078099969047,False,-,106,-,-,0.21853147639670034,0.18000000000000002,1,-
fark,y form,0.18000000000000002,0.29293012619018555,0.29293428599976323,False,-,134,-,-,0.18128640509990795,0.18,2,-
fark,z form,0.18000000000000002,0.265927791595459,0.26593910199972015,False,-,89,-,-,0.19213104308166692,0.18000000000000002,2,-
fark,y form,0.18000000000000002,0.42511749267578125,0.4251302760003455,False,-,122,-,-,0.1801673857272762,0.18,3,-
fark,z form,0.18000000000000002,0.3981821537017822,0.3981781010006671,False,-,87,-,-,0.1823309074566369,0.18000000000000002,3,-
fark,y form,0.18000000000000002,0.5561039447784424,0.55607259899989,False,-,122,-,-,0.1801673857272762,0.18,4,-
fark,z form,0.18000000000000002,0.5340142250061035,0.5340168569991874,False,-,87,-,-,0.1823309074566369,0.18000000000000002,4,-
fark,y form,0.18000000000000002,0.7021639347076416,0.702175764000458,False,-,122,-,-,0.1801673857272762,0.18,5,-
fark,z form,0.18000000000000002,0.6655247211456299,0.6655441169996266,False,-,87,-,-,0.1823309074566369,0.18000000000000002,5,-
fark,y exact,0.18000000000000002,7.870703935623169,30.031556103000185,False,-,86,86.0,-,0.18266487396179523,0.18000000000000002,-,-
fark,z exact,0.18000000000000002,9.730950832366943,38.072899254999356,False,-,86,86.0,-,0.18266487396179523,0.18000000000000002,-,-
comics,global,0.18000000000000002,0.004942,-,-,-,156,-,-,0.184387,-,-,-
comics,local,0.18000000000000002,0.012504,-,-,-,90,-,-,0.192131,-,-,-
fark,y form,0.19000000000000003,0.15583086013793945,0.1558426330002476,False,-,482,-,-,0.270691516233704,0.19000000000000003,1,-
fark,z form,0.19000000000000003,0.14095640182495117,0.14094792000014422,False,-,106,-,-,0.21853147639670034,0.19000000000000003,1,-
fark,y form,0.19000000000000003,0.2934694290161133,0.2934823609994055,False,-,143,-,-,0.19233958386839356,0.19,2,-
fark,z form,0.19000000000000003,0.2667102813720703,0.2667111560003832,False,-,89,-,-,0.19213104308166692,0.19000000000000003,2,-
fark,y form,0.19000000000000003,0.4291503429412842,0.42916507100017043,False,-,143,-,-,0.19233958386839356,0.19,3,-
fark,z form,0.19000000000000003,0.40186619758605957,0.401737055999547,False,-,89,-,-,0.19213104308166692,0.19000000000000003,3,-
fark,y form,0.19000000000000003,0.5667247772216797,0.5662935880000077,False,-,143,-,-,0.19233958386839356,0.19,4,-
fark,z form,0.19000000000000003,0.5322380065917969,0.5322375440000542,False,-,89,-,-,0.19213104308166692,0.19000000000000003,4,-
fark,y form,0.19000000000000003,0.6995632648468018,0.6995865770004457,False,-,143,-,-,0.19233958386839356,0.19,5,-
fark,z form,0.19000000000000003,0.667231559753418,0.6672311370002717,False,-,89,-,-,0.19213104308166692,0.19000000000000003,5,-
fark,y exact,0.19000000000000003,7.7759716510772705,29.66565713899945,False,-,89,89.0,-,0.1943056581431675,0.19000000000000006,-,-
fark,z exact,0.19000000000000003,17.434242725372314,68.81036173400025,False,-,89,89.0,-,0.19213104308166692,0.19000000000000003,-,-
comics,global,0.19000000000000003,0.004488,-,-,-,167,-,-,0.190363,-,-,-
comics,local,0.19000000000000003,0.012365,-,-,-,90,-,-,0.192131,-,-,-
fark,y form,0.20000000000000004,0.15583229064941406,0.1558444160000363,False,-,482,-,-,0.270691516233704,0.20000000000000004,1,-
fark,z form,0.20000000000000004,0.1421356201171875,0.14214135099973646,False,-,106,-,-,0.21853147639670034,0.20000000000000004,1,-
fark,y form,0.20000000000000004,0.29331350326538086,0.29328146099942387,False,-,162,-,-,0.20872993625682854,0.2,2,-
fark,z form,0.20000000000000004,0.2673351764678955,0.2673538549997829,False,-,92,-,-,0.2051931010686795,0.20000000000000004,2,-
fark,y form,0.20000000000000004,0.43123793601989746,0.4312532940002711,False,-,162,-,-,0.20872993625682854,0.2,3,-
fark,z form,0.20000000000000004,0.4030723571777344,0.40308353299951705,False,-,92,-,-,0.2051931010686795,0.20000000000000004,3,-
fark,y form,0.20000000000000004,0.5637197494506836,0.5637415640003383,False,-,162,-,-,0.20872993625682854,0.2,4,-
fark,z form,0.20000000000000004,0.5299065113067627,0.5299150150003697,False,-,92,-,-,0.2051931010686795,0.20000000000000004,4,-
fark,y form,0.20000000000000004,0.6925053596496582,0.6925177229995825,False,-,162,-,-,0.20872993625682854,0.2,5,-
fark,z form,0.20000000000000004,0.6591556072235107,0.6591566639999655,False,-,92,-,-,0.2051931010686795,0.20000000000000004,5,-
fark,y exact,0.20000000000000004,6.674928188323975,25.280981714000518,False,-,92,92.0,-,0.2051931010686795,0.20519310188702994,-,-
fark,z exact,0.20000000000000004,12.58649730682373,49.477415999000186,False,-,92,92.0,-,0.2051931010686795,0.20000000000000004,-,-
comics,global,0.20000000000000004,0.007333,-,-,-,177,-,-,0.209823,-,-,-
comics,local,0.20000000000000004,0.013506,-,-,-,93,-,-,0.205193,-,-,-
fark,y form,0.21000000000000005,0.1554102897644043,0.15542442300011317,False,-,482,-,-,0.270691516233704,0.21000000000000005,1,-
fark,z form,0.21000000000000005,0.13582658767700195,0.13583499699961976,False,-,106,-,-,0.21853147639670034,0.21000000000000005,1,-
fark,y form,0.21000000000000005,0.3010265827178955,0.3010164400002395,False,-,171,-,-,0.21030838829189957,0.21000000000000005,2,-
fark,z form,0.21000000000000005,0.2689061164855957,0.2684444960004839,False,-,103,-,-,0.2141774571358271,0.21000000000000005,2,-
fark,y form,0.21000000000000005,0.431018590927124,0.43103828400035127,False,-,171,-,-,0.21030838829189957,0.21000000000000005,3,-
fark,z form,0.21000000000000005,0.4035203456878662,0.4035300499999721,False,-,101,-,-,0.210910745274401,0.21000000000000005,3,-
fark,y form,0.21000000000000005,0.5656998157501221,0.5657040930000221,False,-,171,-,-,0.21030838829189957,0.21000000000000005,4,-
fark,z form,0.21000000000000005,0.5319311618804932,0.5319257889996152,False,-,101,-,-,0.210910745274401,0.21000000000000005,4,-
fark,y form,0.21000000000000005,0.694089412689209,0.694105354000385,False,-,171,-,-,0.21030838829189957,0.21000000000000005,5,-
fark,z form,0.21000000000000005,0.6699526309967041,0.6699397740003405,False,-,101,-,-,0.210910745274401,0.21000000000000005,5,-
fark,y exact,0.21000000000000005,11.606247186660767,44.90855498200017,False,-,99,99.0,-,0.21090864916670868,0.21000000000000008,-,-
fark,z exact,0.21000000000000005,24.02890968322754,95.13792888599983,False,-,99,99.0,-,0.21090864916670868,0.21000000000000005,-,-
comics,global,0.21000000000000005,0.007413,-,-,-,177,-,-,0.214562,-,-,-
comics,local,0.21000000000000005,0.015757,-,-,-,104,-,-,0.214177,-,-,-
fark,y form,0.22000000000000006,0.15466856956481934,0.15468291399974987,False,-,482,-,-,0.270691516233704,0.22000000000000003,1,-
fark,z form,0.22000000000000006,0.13772797584533691,0.13773593899986736,False,-,134,-,-,0.26297642888510653,0.22000000000000006,1,-
fark,y form,0.22000000000000006,0.2983982563018799,0.2984063949998017,False,-,196,-,-,0.22161056768173665,0.22000000000000008,2,-
fark,z form,0.22000000000000006,0.26924943923950195,0.2692629749999469,False,-,117,-,-,0.24248097615835199,0.22000000000000006,2,-
fark,y form,0.22000000000000006,0.42993688583374023,0.42994418400030554,False,-,196,-,-,0.22161056768173665,0.22000000000000008,3,-
fark,z form,0.22000000000000006,0.4055497646331787,0.4055611459998545,False,-,115,-,-,0.23377293775950875,0.22000000000000006,3,-
fark,y form,0.22000000000000006,0.5628767013549805,0.5628770180001084,False,-,196,-,-,0.22161056768173665,0.22000000000000008,4,-
fark,z form,0.22000000000000006,0.5251941680908203,0.5251973689992155,False,-,115,-,-,0.23377293775950875,0.22000000000000006,4,-
fark,y form,0.22000000000000006,0.700981855392456,0.7009802069997022,False,-,196,-,-,0.22161056768173665,0.22000000000000008,5,-
fark,z form,0.22000000000000006,0.6598045825958252,0.6598079849991336,False,-,115,-,-,0.23377293775950875,0.22000000000000006,5,-
fark,y exact,0.22000000000000006,7.451319456100464,28.35807283000031,False,-,103,103.0,-,0.22315522570148336,0.22000000000000003,-,-
fark,z exact,0.22000000000000006,12.620638608932495,49.59419765799976,False,-,103,103.0,-,0.22315522570148336,0.22000000000000006,-,-
comics,global,0.22000000000000006,0.010254,-,-,-,188,-,-,0.221477,-,-,-
comics,local,0.22000000000000006,0.017862,-,-,-,114,-,-,0.226152,-,-,-
fark,y form,0.23000000000000007,0.15572285652160645,0.15572487899953558,False,-,482,-,-,0.270691516233704,0.23000000000000007,1,-
fark,z form,0.23000000000000007,0.13733339309692383,0.13734084899988375,False,-,134,-,-,0.26297642888510653,0.23000000000000007,1,-
fark,y form,0.23000000000000007,0.2994520664215088,0.29947180399994977,False,-,212,-,-,0.23537844154397064,0.23000000000000007,2,-
fark,z form,0.23000000000000007,0.2676522731781006,0.2676360380000915,False,-,117,-,-,0.24248097615835199,0.23000000000000007,2,-
fark,y form,0.23000000000000007,0.4316384792327881,0.4316378679995978,False,-,212,-,-,0.23537844154397064,0.23000000000000007,3,-
fark,z form,0.23000000000000007,0.40178346633911133,0.40176764100033324,False,-,115,-,-,0.23377293775950875,0.23000000000000007,3,-
fark,y form,0.23000000000000007,0.5780892372131348,0.5780648549998659,False,-,212,-,-,0.23537844154397064,0.23000000000000007,4,-
fark,z form,0.23000000000000007,0.5335299968719482,0.5335193139999319,False,-,115,-,-,0.23377293775950875,0.23000000000000007,4,-
fark,y form,0.23000000000000007,0.7174625396728516,0.7174338810000336,False,-,212,-,-,0.23537844154397064,0.23000000000000007,5,-
fark,z form,0.23000000000000007,0.6724033355712891,0.6724021100008031,False,-,115,-,-,0.23377293775950875,0.23000000000000007,5,-
fark,y exact,0.23000000000000007,5.8444178104400635,21.96246508100012,False,-,106,106.0,-,0.23186007263647956,0.2300000000000001,-,-
fark,z exact,0.23000000000000007,11.670859575271606,45.789172533000055,False,-,106,106.0,-,0.23186007263647956,0.23000000000000007,-,-
comics,global,0.23000000000000007,0.010634,-,-,-,201,-,-,0.233694,-,-,-
comics,local,0.23000000000000007,0.018542,-,-,-,116,-,-,0.230506,-,-,-
fark,y form,0.24000000000000007,0.15533995628356934,0.1553552570003376,False,-,482,-,-,0.270691516233704,0.24000000000000007,1,-
fark,z form,0.24000000000000007,0.13819408416748047,0.13820457400015584,False,-,134,-,-,0.26297642888510653,0.24000000000000007,1,-
fark,y form,0.24000000000000007,0.30034756660461426,0.30036128200026724,False,-,217,-,-,0.2409873115758381,0.24000000000000005,2,-
fark,z form,0.24000000000000007,0.26788878440856934,0.26791072499963775,False,-,117,-,-,0.24248097615835199,0.24000000000000007,2,-
fark,y form,0.24000000000000007,0.43276524543762207,0.4323385550005696,False,-,217,-,-,0.2409873115758381,0.24000000000000005,3,-
fark,z form,0.24000000000000007,0.4012455940246582,0.401263525000104,False,-,117,-,-,0.24248097615835199,0.24000000000000007,3,-
fark,y form,0.24000000000000007,0.5779192447662354,0.5779029339992121,False,-,217,-,-,0.2409873115758381,0.24000000000000005,4,-
fark,z form,0.24000000000000007,0.5261282920837402,0.5261238659995797,False,-,117,-,-,0.24248097615835199,0.24000000000000007,4,-
fark,y form,0.24000000000000007,0.7106337547302246,0.710621717000322,False,-,217,-,-,0.2409873115758381,0.24000000000000005,5,-
fark,z form,0.24000000000000007,0.6538734436035156,0.6535460349996356,False,-,117,-,-,0.24248097615835199,0.24000000000000007,5,-
fark,y exact,0.24000000000000007,11.081563949584961,42.80340584000078,False,-,115,115.0,-,0.24138808237394388,0.2400000000000001,-,-
fark,z exact,0.24000000000000007,22.65785574913025,89.65718791500058,False,-,115,115.0,-,0.24138808237394388,0.24000000000000007,-,-
comics,global,0.24000000000000007,0.01671,-,-,-,209,-,-,0.241556,-,-,-
comics,local,0.24000000000000007,0.019448,-,-,-,118,-,-,0.242481,-,-,-
fark,y form,0.25000000000000006,0.15540099143981934,0.1553945619998558,False,-,482,-,-,0.270691516233704,0.25000000000000006,1,-
fark,z form,0.25000000000000006,0.1377108097076416,0.137723907999316,False,-,134,-,-,0.26297642888510653,0.25000000000000006,1,-
fark,y form,0.25000000000000006,0.2943732738494873,0.2943910580006559,False,-,228,-,-,0.25105774686658366,0.25000000000000006,2,-
fark,z form,0.25000000000000006,0.27388834953308105,0.27389698500064696,False,-,120,-,-,0.2540874385182623,0.25000000000000006,2,-
fark,y form,0.25000000000000006,0.4355447292327881,0.43552424799963774,False,-,228,-,-,0.25105774686658366,0.25000000000000006,3,-
fark,z form,0.25000000000000006,0.400775671005249,0.4007895679997091,False,-,120,-,-,0.2540874385182623,0.25000000000000006,3,-
fark,y form,0.25000000000000006,0.577106237411499,0.5770837050004047,False,-,228,-,-,0.25105774686658366,0.25000000000000006,4,-
fark,z form,0.25000000000000006,0.5327370166778564,0.5327267729999221,False,-,120,-,-,0.2540874385182623,0.25000000000000006,4,-
fark,y form,0.25000000000000006,0.7166099548339844,0.7166141179995975,False,-,228,-,-,0.25105774686658366,0.25000000000000006,5,-
fark,z form,0.25000000000000006,0.6626710891723633,0.6626511730000857,False,-,120,-,-,0.2540874385182623,0.25000000000000006,5,-
fark,y exact,0.25000000000000006,11.542693376541138,44.672922224000104,False,-,120,120.0,-,0.2540874385182623,0.25,-,-
fark,z exact,0.25000000000000006,25.267993450164795,100.19935112800067,False,-,120,120.0,-,0.2540874385182623,0.25000000000000006,-,-
comics,global,0.25000000000000006,0.027145,-,-,-,233,-,-,0.251093,-,-,-
comics,local,0.25000000000000006,0.020745,-,-,-,121,-,-,0.254087,-,-,-
fark,y form,0.26000000000000006,0.15520572662353516,0.15519790300004388,False,-,482,-,-,0.270691516233704,0.26000000000000006,1,-
fark,z form,0.26000000000000006,0.13686513900756836,0.13685958499991102,False,-,134,-,-,0.26297642888510653,0.26000000000000006,1,-
fark,y form,0.26000000000000006,0.29647326469421387,0.29648695300056715,False,-,291,-,-,0.26256669294749135,0.26000000000000006,2,-
fark,z form,0.26000000000000006,0.275667667388916,0.2756521139999677,False,-,131,-,-,0.2600748136244001,0.26000000000000006,2,-
fark,y form,0.26000000000000006,0.43726110458374023,0.43726165400039463,False,-,291,-,-,0.26256669294749135,0.26000000000000006,3,-
fark,z form,0.26000000000000006,0.3999464511871338,0.39995215799990547,False,-,131,-,-,0.2600748136244001,0.26000000000000006,3,-
fark,y form,0.26000000000000006,0.5828933715820312,0.5829021110002941,False,-,291,-,-,0.26256669294749135,0.26000000000000006,4,-
fark,z form,0.26000000000000006,0.5339558124542236,0.5339672430000064,False,-,131,-,-,0.2600748136244001,0.26000000000000006,4,-
fark,y form,0.26000000000000006,0.7297852039337158,0.7297886440001093,False,-,291,-,-,0.26256669294749135,0.26000000000000006,5,-
fark,z form,0.26000000000000006,0.665104866027832,0.6650749769996764,False,-,131,-,-,0.2600748136244001,0.26000000000000006,5,-
fark,y exact,0.26000000000000006,23.545552968978882,92.78049856300004,False,-,128,128.0,-,0.2614897968263032,0.26,-,-
fark,z exact,0.26000000000000006,18.19043231010437,71.9680888820003,False,-,128,128.0,-,0.2614897968263032,0.26000000000000006,-,-
comics,global,0.26000000000000006,0.028209,-,-,-,238,-,-,0.260948,-,-,-
comics,local,0.26000000000000006,0.022881,-,-,-,132,-,-,0.260075,-,-,-
fark,y form,0.2700000000000001,0.155562162399292,0.15557515900036378,False,-,482,-,-,0.270691516233704,0.2700000000000001,1,-
fark,z form,0.2700000000000001,0.1395268440246582,0.1395373989998916,False,-,162,-,-,0.29851935747633873,0.2700000000000001,1,-
fark,y form,0.2700000000000001,0.3011047840118408,0.30108220399961283,False,-,379,-,-,0.27017376751854305,0.2700000000000001,2,-
fark,z form,0.2700000000000001,0.2785837650299072,0.27859413199985283,False,-,145,-,-,0.28292702946672,0.2700000000000001,2,-
fark,y form,0.2700000000000001,0.4491863250732422,0.44881760099997337,False,-,379,-,-,0.27017376751854305,0.2700000000000001,3,-
fark,z form,0.2700000000000001,0.4045884609222412,0.40460150099988823,False,-,143,-,-,0.2756729908459944,0.2700000000000001,3,-
fark,y form,0.2700000000000001,0.5991525650024414,0.5991655879997779,False,-,379,-,-,0.27017376751854305,0.2700000000000001,4,-
fark,z form,0.2700000000000001,0.530888557434082,0.5309086219995152,False,-,140,-,-,0.2719424729763724,0.2700000000000001,4,-
fark,y form,0.2700000000000001,0.7339005470275879,0.7338844879996032,False,-,379,-,-,0.27017376751854305,0.2700000000000001,5,-
fark,z form,0.2700000000000001,0.6711359024047852,0.6710977200000343,False,-,140,-,-,0.2719424729763724,0.2700000000000001,5,-
fark,y exact,0.2700000000000001,10.678894996643066,41.326128391000566,False,-,131,131.0,-,0.27004791853370114,0.27004792050320015,-,-
fark,z exact,0.2700000000000001,22.389785289764404,88.73960563399942,False,-,131,131.0,-,0.27004791853370114,0.2700000000000001,-,-
comics,global,0.2700000000000001,0.043916,-,-,-,250,-,-,0.272332,-,-,-
comics,local,0.2700000000000001,0.025876,-,-,-,144,-,-,0.272952,-,-,-
fark,y form,0.2800000000000001,0.1555795669555664,0.1555921170001966,False,-,490,-,-,0.3540537441917584,0.28,1,-
fark,z form,0.2800000000000001,0.13983488082885742,0.1398431769994204,False,-,162,-,-,0.29851935747633873,0.2800000000000001,1,-
fark,y form,0.2800000000000001,0.2937953472137451,0.2938016400003107,False,-,218,-,-,0.28246274106922475,0.2800000000000001,2,-
fark,z form,0.2800000000000001,0.2777903079986572,0.27778620300068724,False,-,145,-,-,0.28292702946672,0.2800000000000001,2,-
fark,y form,0.2800000000000001,0.42784786224365234,0.4278483859998232,False,-,218,-,-,0.28246274106922475,0.2800000000000001,3,-
fark,z form,0.2800000000000001,0.40695762634277344,0.40697659800025576,False,-,145,-,-,0.28292702946672,0.2800000000000001,3,-
fark,y form,0.2800000000000001,0.5779216289520264,0.5779290540003785,False,-,218,-,-,0.28246274106922475,0.2800000000000001,4,-
fark,z form,0.2800000000000001,0.5394985675811768,0.5395035030005602,False,-,145,-,-,0.28292702946672,0.2800000000000001,4,-
fark,y form,0.2800000000000001,0.7176778316497803,0.7176824070002112,False,-,218,-,-,0.28246274106922475,0.2800000000000001,5,-
fark,z form,0.2800000000000001,0.6680862903594971,0.6680702140001813,False,-,145,-,-,0.28292702946672,0.2800000000000001,5,-
fark,y exact,0.2800000000000001,28.1797194480896,111.30928242200025,False,-,141,141.0,-,0.2811672327921699,0.2800000000000001,-,-
fark,z exact,0.2800000000000001,18.032762050628662,71.30705480600045,False,-,141,141.0,-,0.2809575631662483,0.2800000000000001,-,-
comics,global,0.2800000000000001,0.077561,-,-,-,283,-,-,0.280186,-,-,-
comics,local,0.2800000000000001,0.026818,-,-,-,146,-,-,0.282927,-,-,-
fark,y form,0.2900000000000001,0.1547081470489502,0.15472099799990247,False,-,490,-,-,0.3540537441917584,0.2900000000000001,1,-
fark,z form,0.2900000000000001,0.13882660865783691,0.1388399309998931,False,-,162,-,-,0.29851935747633873,0.2900000000000001,1,-
fark,y form,0.2900000000000001,0.29392385482788086,0.2939352389994383,False,-,210,-,-,0.2921538719343035,0.2900000000000001,2,-
fark,z form,0.2900000000000001,0.27569055557250977,0.2756974630001423,False,-,148,-,-,0.29259553589181986,0.2900000000000001,2,-
fark,y form,0.2900000000000001,0.4345433712005615,0.4345517080000718,False,-,210,-,-,0.2921538719343035,0.2900000000000001,3,-
fark,z form,0.2900000000000001,0.4057140350341797,0.40473509700041177,False,-,148,-,-,0.29259553589181986,0.2900000000000001,3,-
fark,y form,0.2900000000000001,0.5770025253295898,0.5769558080000934,False,-,210,-,-,0.2921538719343035,0.2900000000000001,4,-
fark,z form,0.2900000000000001,0.5347342491149902,0.5347271749997162,False,-,148,-,-,0.29259553589181986,0.2900000000000001,4,-
fark,y form,0.2900000000000001,0.7163209915161133,0.716342101999544,False,-,210,-,-,0.2921538719343035,0.2900000000000001,5,-
fark,z form,0.2900000000000001,0.6677169799804688,0.6677438349997828,False,-,148,-,-,0.29259553589181986,0.2900000000000001,5,-
fark,y exact,0.2900000000000001,44.83436703681946,177.94180460400003,False,-,148,148.0,-,0.29357379029944963,0.2900000000000001,-,-
fark,z exact,0.2900000000000001,13.367260217666626,52.65231249600038,False,-,148,148.0,-,0.29259553589181986,0.2900000000000001,-,-
comics,global,0.2900000000000001,0.078249,-,-,-,286,-,-,0.294263,-,-,-
comics,local,0.2900000000000001,0.028319,-,-,-,149,-,-,0.292596,-,-,-
fark,y form,0.3000000000000001,0.15570998191833496,0.15571754299980967,False,-,490,-,-,0.3540537441917584,0.3000000000000001,1,-
fark,z form,0.3000000000000001,0.14173364639282227,0.14173814300011145,False,-,219,-,-,0.32037562806611053,0.3000000000000001,1,-
fark,y form,0.3000000000000001,0.29587888717651367,0.2958965830002853,False,-,220,-,-,0.3031313949502289,0.30000000000000004,2,-
fark,z form,0.3000000000000001,0.27378201484680176,0.27379549699981,False,-,172,-,-,0.3034266147578539,0.3000000000000001,2,-
fark,y form,0.3000000000000001,0.43804478645324707,0.4380609680001726,False,-,220,-,-,0.3031313949502289,0.30000000000000004,3,-
fark,z form,0.3000000000000001,0.4088010787963867,0.408816934999777,False,-,170,-,-,0.3016423360102977,0.3000000000000001,3,-
fark,y form,0.3000000000000001,0.5771670341491699,0.5771717710003941,False,-,220,-,-,0.3031313949502289,0.30000000000000004,4,-
fark,z form,0.3000000000000001,0.5404212474822998,0.5404410949995508,False,-,170,-,-,0.3016423360102977,0.3000000000000001,4,-
fark,y form,0.3000000000000001,0.7158050537109375,0.7158274760004133,False,-,220,-,-,0.3031313949502289,0.30000000000000004,5,-
fark,z form,0.3000000000000001,0.6742913722991943,0.6740117119998104,False,-,170,-,-,0.3016423360102977,0.3000000000000001,5,-
fark,y exact,0.3000000000000001,63.93919801712036,254.32812649399966,False,-,156,156.0,-,0.30018773736765253,0.3000000000000001,-,-
fark,z exact,0.3000000000000001,15.2959144115448,60.35024727899963,False,-,156,156.0,-,0.30018773736765253,0.3000000000000001,-,-
comics,global,0.3000000000000001,0.127813,-,-,-,293,-,-,0.300376,-,-,-
comics,local,0.3000000000000001,0.033524,-,-,-,170,-,-,0.303596,-,-,-
fark,y form,0.3100000000000001,0.15544915199279785,0.15546302300026582,False,-,490,-,-,0.3540537441917584,0.3100000000000001,1,-
fark,z form,0.3100000000000001,0.1413266658782959,0.14133853499970428,False,-,219,-,-,0.32037562806611053,0.3100000000000001,1,-
fark,y form,0.3100000000000001,0.2947051525115967,0.2947180129995104,False,-,233,-,-,0.3180052475758197,0.3100000000000001,2,-
fark,z form,0.3100000000000001,0.274261474609375,0.27423168000041187,False,-,216,-,-,0.3179974618177018,0.3100000000000001,2,-
fark,y form,0.3100000000000001,0.43970799446105957,0.4396776769999633,False,-,233,-,-,0.3180052475758197,0.3100000000000001,3,-
fark,z form,0.3100000000000001,0.4090437889099121,0.40903378799976053,False,-,203,-,-,0.3130902045361865,0.3100000000000001,3,-
fark,y form,0.3100000000000001,0.5780160427093506,0.5779981369996676,False,-,233,-,-,0.3180052475758197,0.3100000000000001,4,-
fark,z form,0.3100000000000001,0.5371952056884766,0.5371817299992472,False,-,203,-,-,0.3130902045361865,0.3100000000000001,4,-
fark,y form,0.3100000000000001,0.7172572612762451,0.7172359220003273,False,-,233,-,-,0.3180052475758197,0.3100000000000001,5,-
fark,z form,0.3100000000000001,0.6788039207458496,0.67881906599996,False,-,203,-,-,0.3130902045361865,0.3100000000000001,5,-
fark,y exact,0.3100000000000001,61.56632614135742,244.86301169000035,False,-,162,162.0,-,0.31233436900568873,0.3100000000000001,-,-
fark,z exact,0.3100000000000001,13.772989273071289,54.22433136200107,False,-,162,162.0,-,0.31233436900568873,0.3100000000000001,-,-
comics,global,0.3100000000000001,0.13207,-,-,-,310,-,-,0.315825,-,-,-
comics,local,0.3100000000000001,0.035508,-,-,-,174,-,-,0.314474,-,-,-
fark,y form,0.3200000000000001,0.1554417610168457,0.15545519999977842,False,-,490,-,-,0.3540537441917584,0.3200000000000002,1,-
fark,z form,0.3200000000000001,0.14239192008972168,0.1420139959991502,False,-,219,-,-,0.32037562806611053,0.3200000000000001,1,-
fark,y form,0.3200000000000001,0.29639410972595215,0.29637935499886225,False,-,245,-,-,0.326314834250297,0.32000000000000006,2,-
fark,z form,0.3200000000000001,0.27486610412597656,0.274870743000065,False,-,219,-,-,0.32037562806611053,0.3200000000000001,2,-
fark,y form,0.3200000000000001,0.4428107738494873,0.4428087760006747,False,-,245,-,-,0.326314834250297,0.32000000000000006,3,-
fark,z form,0.3200000000000001,0.4105567932128906,0.4105788130000292,False,-,219,-,-,0.32037562806611053,0.3200000000000001,3,-
fark,y form,0.3200000000000001,0.57686448097229,0.5768879360002757,False,-,245,-,-,0.326314834250297,0.32000000000000006,4,-
fark,z form,0.3200000000000001,0.5516090393066406,0.5512978189999558,False,-,219,-,-,0.32037562806611053,0.3200000000000001,4,-
fark,y form,0.3200000000000001,0.713392972946167,0.7134168930006126,False,-,245,-,-,0.326314834250297,0.32000000000000006,5,-
fark,z form,0.3200000000000001,0.6850688457489014,0.6850395740002568,False,-,219,-,-,0.32037562806611053,0.3200000000000001,5,-
fark,y exact,0.3200000000000001,57.09502577781677,226.98405563899905,False,-,176,176.0,-,0.32220595678883207,0.3200000000000001,-,-
fark,z exact,0.3200000000000001,39.771257638931274,158.20531172099982,False,-,176,176.0,-,0.32220595678883207,0.3200000000000001,-,-
comics,global,0.3200000000000001,0.217973,-,-,-,322,-,-,0.325521,-,-,-
comics,local,0.3200000000000001,0.037746,-,-,-,177,-,-,0.322206,-,-,-
fark,y form,0.3300000000000001,0.15628981590270996,0.15629941899896949,False,-,490,-,-,0.3540537441917584,0.3300000000000001,1,-
fark,z form,0.3300000000000001,0.14208698272705078,0.14208909899934952,False,-,251,-,-,0.3495066393494896,0.3300000000000001,1,-
fark,y form,0.3300000000000001,0.2931554317474365,0.2931596529997478,False,-,254,-,-,0.33180489865216317,0.3300000000000001,2,-
fark,z form,0.3300000000000001,0.27339863777160645,0.273384009999063,False,-,229,-,-,0.33315830197178453,0.3300000000000001,2,-
fark,y form,0.3300000000000001,0.4380950927734375,0.43809309099924576,False,-,254,-,-,0.33180489865216317,0.3300000000000001,3,-
fark,z form,0.3300000000000001,0.41254162788391113,0.412557599000138,False,-,227,-,-,0.33170749427578516,0.3300000000000001,3,-
fark,y form,0.3300000000000001,0.5660383701324463,0.566043595001247,False,-,254,-,-,0.33180489865216317,0.3300000000000001,4,-
fark,z form,0.3300000000000001,0.5533714294433594,0.5533517980002216,False,-,227,-,-,0.33170749427578516,0.3300000000000001,4,-
fark,y form,0.3300000000000001,0.70979905128479,0.7098109650014521,False,-,254,-,-,0.33180489865216317,0.3300000000000001,5,-
fark,z form,0.3300000000000001,0.686699628829956,0.6867047110008571,False,-,227,-,-,0.33170749427578516,0.3300000000000001,5,-
fark,y exact,0.3300000000000001,162.13153767585754,647.0908530699999,False,-,191,191.0,-,0.3309416959203849,0.3300000000000001,-,-
fark,z exact,0.3300000000000001,215.13689422607422,859.625442610999,False,-,191,191.0,-,0.3309416959203849,0.3300000000000001,-,-
comics,global,0.3300000000000001,0.368691,-,-,-,346,-,-,0.336977,-,-,-
comics,local,0.3300000000000001,0.045934,-,-,-,204,-,-,0.330801,-,-,-
fark,y form,0.34000000000000014,0.15558433532714844,0.15559587399911834,False,-,490,-,-,0.3540537441917584,0.34000000000000014,1,-
fark,z form,0.34000000000000014,0.1411914825439453,0.14119797699822811,False,-,251,-,-,0.3495066393494896,0.34000000000000014,1,-
fark,y form,0.34000000000000014,0.29886841773986816,0.2988730939996458,False,-,299,-,-,0.34089105798921854,0.34000000000000014,2,-
fark,z form,0.34000000000000014,0.2771754264831543,0.2771900080006162,False,-,232,-,-,0.34029018542301653,0.34000000000000014,2,-
fark,y form,0.34000000000000014,0.44300341606140137,0.4430112569989433,False,-,296,-,-,0.3401590806083268,0.3400000000000002,3,-
fark,z form,0.34000000000000014,0.4071216583251953,0.40713088200027414,False,-,232,-,-,0.34029018542301653,0.34000000000000014,3,-
fark,y form,0.34000000000000014,0.5747623443603516,0.5747730489983951,False,-,296,-,-,0.3401590806083268,0.34000000000000014,4,-
fark,z form,0.34000000000000014,0.5434927940368652,0.5435018509997462,False,-,232,-,-,0.34029018542301653,0.34000000000000014,4,-
fark,y form,0.34000000000000014,0.7067863941192627,0.7067666160000954,False,-,296,-,-,0.3401590806083268,0.34000000000000014,5,-
fark,z form,0.34000000000000014,0.688626766204834,0.688573338000424,False,-,232,-,-,0.34029018542301653,0.34000000000000014,5,-
fark,y exact,0.34000000000000014,391.614057302475,1564.9620986549999,False,-,204,204.0,-,0.34156503455622245,0.34000000000000014,-,-
fark,z exact,0.34000000000000014,603.2374768257141,2411.919704651,False,-,204,204.0,-,0.34156503455622245,0.34000000000000014,-,-
comics,global,0.34000000000000014,0.369848,-,-,-,351,-,-,0.345381,-,-,-
comics,local,0.34000000000000014,0.05241,-,-,-,220,-,-,0.342548,-,-,-
fark,y form,0.35000000000000014,0.15555882453918457,0.15557173299930582,False,-,490,-,-,0.3540537441917584,0.3500000000000002,1,-
fark,z form,0.35000000000000014,0.14193129539489746,0.1419393529995432,False,-,283,-,-,0.38186256492213255,0.35000000000000014,1,-
fark,y form,0.35000000000000014,0.30075931549072266,0.30035670200049935,False,-,333,-,-,0.35022951822443216,0.35000000000000014,2,-
fark,z form,0.35000000000000014,0.2769927978515625,0.2770051589996001,False,-,264,-,-,0.3669418757539191,0.35000000000000014,2,-
fark,y form,0.35000000000000014,0.4499955177307129,0.4500048339996283,False,-,333,-,-,0.35022951822443216,0.35000000000000014,3,-
fark,z form,0.35000000000000014,0.4145793914794922,0.4145939760001056,False,-,262,-,-,0.3606024237998631,0.35000000000000014,3,-
fark,y form,0.35000000000000014,0.5868330001831055,0.58683236700017,False,-,333,-,-,0.35022951822443216,0.35000000000000014,4,-
fark,z form,0.35000000000000014,0.5539500713348389,0.5539641710001888,False,-,262,-,-,0.3606024237998631,0.35000000000000014,4,-
fark,y form,0.35000000000000014,0.7234628200531006,0.7234868460000143,False,-,333,-,-,0.35022951822443216,0.35000000000000014,5,-
fark,z form,0.35000000000000014,0.6840927600860596,0.6840964219991292,False,-,262,-,-,0.3606024237998631,0.35000000000000014,5,-
fark,y exact,0.35000000000000014,547.3979270458221,2188.0988366870006,False,-,216,216.0,-,0.3507083515364339,0.3500000000000001,-,-
fark,z exact,0.35000000000000014,1276.0709204673767,5103.292211002001,False,-,216,216.0,-,0.3504772740976229,0.35000000000000014,-,-
comics,global,0.35000000000000014,0.593652,-,-,-,361,-,-,0.350048,-,-,-
comics,local,0.35000000000000014,0.05781,-,-,-,236,-,-,0.357113,-,-,-
fark,y form,0.36000000000000015,0.16136455535888672,0.16137519200128736,False,-,514,-,-,0.3692256695198041,0.3600000000000001,1,-
fark,z form,0.36000000000000015,0.14200854301452637,0.14201794499967946,False,-,283,-,-,0.38186256492213255,0.36000000000000015,1,-
fark,y form,0.36000000000000015,0.30162668228149414,0.30164172800141387,False,-,337,-,-,0.36252585075862953,0.36000000000000015,2,-
fark,z form,0.36000000000000015,0.2777383327484131,0.27771921000021393,False,-,250,-,-,0.3610180541142032,0.36000000000000015,2,-
fark,y form,0.36000000000000015,0.44414353370666504,0.44414521400176454,False,-,337,-,-,0.36252585075862953,0.36000000000000015,3,-
fark,z form,0.36000000000000015,0.4204239845275879,0.4204407399993215,False,-,250,-,-,0.3610180541142032,0.36000000000000015,3,-
fark,y form,0.36000000000000015,0.5858516693115234,0.5858610679970297,False,-,337,-,-,0.36252585075862953,0.36000000000000015,4,-
fark,z form,0.36000000000000015,0.5540719032287598,0.5540319060019101,False,-,250,-,-,0.3610180541142032,0.36000000000000015,4,-
fark,y form,0.36000000000000015,0.7289810180664062,0.7289858540025307,False,-,337,-,-,0.36252585075862953,0.36000000000000015,5,-
fark,z form,0.36000000000000015,0.6918201446533203,0.6915172100016207,False,-,250,-,-,0.3610180541142032,0.36000000000000015,5,-
fark,y exact,0.36000000000000015,94.36925458908081,376.0473888380002,False,-,223,223.0,-,0.36141177706055655,0.36000000000000015,-,-
fark,z exact,0.36000000000000015,568.5736658573151,2273.3462560419975,False,-,223,223.0,-,0.36141177706055655,0.36000000000000015,-,-
comics,global,0.36000000000000015,1.05571,-,-,-,407,-,-,0.364873,-,-,-
comics,local,0.36000000000000015,0.060065,-,-,-,245,-,-,0.360383,-,-,-
fark,y form,0.37000000000000016,0.1629934310913086,0.16300243699879502,False,-,532,-,-,0.3701291354692766,0.37000000000000016,1,-
fark,z form,0.37000000000000016,0.14264893531799316,0.14265022299878183,False,-,283,-,-,0.38186256492213255,0.37000000000000016,1,-
fark,y form,0.37000000000000016,0.3060438632965088,0.3060615720023634,False,-,474,-,-,0.37005779641154674,0.37000000000000016,2,-
fark,z form,0.37000000000000016,0.2796187400817871,0.2796349959971849,False,-,264,-,-,0.3734576783117195,0.37000000000000016,2,-
fark,y form,0.37000000000000016,0.4562826156616211,0.4563006759999553,False,-,474,-,-,0.37005779641154674,0.37000000000000016,3,-
fark,z form,0.37000000000000016,0.4234626293182373,0.4234714250014804,False,-,262,-,-,0.3720068706229316,0.37000000000000016,3,-
fark,y form,0.37000000000000016,0.6083204746246338,0.6079730179990293,False,-,474,-,-,0.37005779641154674,0.37000000000000016,4,-
fark,z form,0.37000000000000016,0.5499551296234131,0.5499693260026106,False,-,262,-,-,0.3720068706229316,0.37000000000000016,4,-
fark,y form,0.37000000000000016,0.746412992477417,0.7464252800018585,False,-,474,-,-,0.37005779641154674,0.37000000000000016,5,-
fark,z form,0.37000000000000016,0.6815884113311768,0.6815720590020646,False,-,262,-,-,0.3720068706229316,0.37000000000000016,5,-
fark,y exact,0.37000000000000016,93.33660960197449,371.96195650699883,False,-,236,236.0,-,0.3706069620322827,0.37000000000000016,-,-
fark,z exact,0.37000000000000016,1281.6793665885925,5125.543134480999,False,-,236,236.0,-,0.3703650721163378,0.37000000000000016,-,-
comics,global,0.37000000000000016,1.08095,-,-,-,410,-,-,0.376744,-,-,-
comics,local,0.37000000000000016,0.06331,-,-,-,252,-,-,0.373291,-,-,-
fark,y form,0.38000000000000017,0.15796470642089844,0.15797752700018464,False,-,549,-,-,0.3882123491691439,0.3800000000000001,1,-
fark,z form,0.38000000000000017,0.14836549758911133,0.14836685199770727,False,-,283,-,-,0.38186256492213255,0.38000000000000017,1,-
fark,y form,0.38000000000000017,0.30362439155578613,0.3036356419979711,False,-,364,-,-,0.38017497141033924,0.3800000000000002,2,-
fark,z form,0.38000000000000017,0.27922821044921875,0.2792336599995906,False,-,283,-,-,0.38186256492213255,0.38000000000000017,2,-
fark,y form,0.38000000000000017,0.44542956352233887,0.445448757000122,False,-,364,-,-,0.38017497141033924,0.3800000000000002,3,-
fark,z form,0.38000000000000017,0.41928911209106445,0.41929741100102547,False,-,283,-,-,0.38186256492213255,0.38000000000000017,3,-
fark,y form,0.38000000000000017,0.5922174453735352,0.5922190430028422,False,-,364,-,-,0.38017497141033924,0.3800000000000002,4,-
fark,z form,0.38000000000000017,0.559391975402832,0.5594088749967341,False,-,283,-,-,0.38186256492213255,0.38000000000000017,4,-
fark,y form,0.38000000000000017,0.7413153648376465,0.7413419229997089,False,-,364,-,-,0.38017497141033924,0.3800000000000002,5,-
fark,z form,0.38000000000000017,0.696465015411377,0.6960544350004056,False,-,283,-,-,0.38186256492213255,0.38000000000000017,5,-
fark,y exact,0.38000000000000017,134.08665132522583,534.9299872580013,False,-,248,248.0,-,0.3802639307858469,0.3800000000000001,-,-
fark,z exact,0.38000000000000017,1779.081000328064,7115.273907742001,False,-,248,248.0,-,0.38039393318233,0.38000000000000017,-,-
comics,global,0.38000000000000017,1.76621,-,-,-,417,-,-,0.382156,-,-,-
comics,local,0.38000000000000017,0.066945,-,-,-,263,-,-,0.380553,-,-,-
fark,y form,0.3900000000000002,0.15834760665893555,0.1583512500001234,False,-,556,-,-,0.4378312338946301,0.3900000000000002,1,-
fark,z form,0.3900000000000002,0.14959359169006348,0.14959222500328906,False,-,285,-,-,0.39279470760098506,0.3900000000000002,1,-
fark,y form,0.3900000000000002,0.29961562156677246,0.2996219779961393,False,-,338,-,-,0.4048171136082811,0.3900000000000002,2,-
fark,z form,0.3900000000000002,0.27794909477233887,0.2779300289985258,False,-,282,-,-,0.3906823315875639,0.3900000000000002,2,-
fark,y form,0.3900000000000002,0.4391942024230957,0.43920533300115494,False,-,306,-,-,0.39200766123907715,0.39000000000000024,3,-
fark,z form,0.3900000000000002,0.42201685905456543,0.4220061829983024,False,-,282,-,-,0.3906823315875639,0.3900000000000002,3,-
fark,y form,0.3900000000000002,0.5874109268188477,0.5874237179959891,False,-,306,-,-,0.39200766123907715,0.39000000000000024,4,-
fark,z form,0.3900000000000002,0.5573389530181885,0.5573243260005256,False,-,282,-,-,0.3906823315875639,0.3900000000000002,4,-
fark,y form,0.3900000000000002,0.7295031547546387,0.7290904100009357,False,-,306,-,-,0.39200766123907715,0.39000000000000024,5,-
fark,z form,0.3900000000000002,0.6977694034576416,0.6977899349949439,False,-,282,-,-,0.3906823315875639,0.3900000000000002,5,-
fark,y exact,0.3900000000000002,49.64380645751953,197.1955059220054,False,-,255,255.0,-,0.39001394609495355,0.3900000000000001,-,-
fark,z exact,0.3900000000000002,681.2854814529419,2724.1913369449976,False,-,255,255.0,-,0.39001394609495355,0.3900000000000002,-,-
comics,global,0.3900000000000002,1.74381,-,-,-,434,-,-,0.395473,-,-,-
comics,local,0.3900000000000002,0.070694,-,-,-,275,-,-,0.391773,-,-,-
fark,y form,0.4000000000000002,0.15837430953979492,0.15838336500019068,False,-,556,-,-,0.4378312338946301,0.4000000000000002,1,-
fark,z form,0.4000000000000002,0.14394521713256836,0.14394696400268003,False,-,313,-,-,0.420429073830777,0.4000000000000002,1,-
fark,y form,0.4000000000000002,0.30571532249450684,0.3057231490020058,False,-,304,-,-,0.4017828098425204,0.4000000000000002,2,-
fark,z form,0.4000000000000002,0.2844231128692627,0.2844567249994725,False,-,280,-,-,0.402278151330932,0.4000000000000002,2,-
fark,y form,0.4000000000000002,0.44837379455566406,0.4483965140025248,False,-,292,-,-,0.40086609472409157,0.4000000000000002,3,-
fark,z form,0.4000000000000002,0.43060994148254395,0.4306032409949694,False,-,280,-,-,0.402278151330932,0.4000000000000002,3,-
fark,y form,0.4000000000000002,0.5986981391906738,0.5987116369942669,False,-,292,-,-,0.40086609472409157,0.4000000000000002,4,-
fark,z form,0.4000000000000002,0.5738494396209717,0.5738718130014604,False,-,280,-,-,0.402278151330932,0.4000000000000002,4,-
fark,y form,0.4000000000000002,0.7360026836395264,0.7356729109960725,False,-,292,-,-,0.40086609472409157,0.4000000000000002,5,-
fark,z form,0.4000000000000002,0.7073440551757812,0.707354389000102,False,-,280,-,-,0.402278151330932,0.4000000000000002,5,-
fark,y exact,0.4000000000000002,37.211779832839966,147.46595461900142,False,-,266,266.0,-,0.40008438140421526,0.4000000000000002,-,-
fark,z exact,0.4000000000000002,382.8976516723633,1530.6351415669997,False,-,266,266.0,-,0.40096552183266554,0.4000000000000002,-,-
comics,global,0.4000000000000002,3.36957,-,-,-,463,-,-,0.406493,-,-,-
comics,local,0.4000000000000002,0.07506,-,-,-,282,-,-,0.400241,-,-,-
fark,y form,0.4100000000000002,0.15842127799987793,0.15843738799594576,False,-,556,-,-,0.4378312338946301,0.41000000000000014,1,-
fark,z form,0.4100000000000002,0.1452474594116211,0.14526004099752754,False,-,313,-,-,0.420429073830777,0.4100000000000002,1,-
fark,y form,0.4100000000000002,0.3107132911682129,0.3107191500021145,False,-,324,-,-,0.4114433107878278,0.4100000000000002,2,-
fark,z form,0.4100000000000002,0.2842285633087158,0.28419266400305787,False,-,283,-,-,0.41001012229672534,0.4100000000000002,2,-
fark,y form,0.4100000000000002,0.44809556007385254,0.4481009650044143,False,-,324,-,-,0.4114433107878278,0.4100000000000002,3,-
fark,z form,0.4100000000000002,0.43164777755737305,0.4316535059988382,False,-,283,-,-,0.41001012229672534,0.4100000000000002,3,-
fark,y form,0.4100000000000002,0.5959737300872803,0.5959717459991225,False,-,324,-,-,0.4114433107878278,0.4100000000000002,4,-
fark,z form,0.4100000000000002,0.56430983543396,0.5642721690019243,False,-,283,-,-,0.41001012229672534,0.4100000000000002,4,-
fark,y form,0.4100000000000002,0.747502326965332,0.7475078880015644,False,-,324,-,-,0.4114433107878278,0.4100000000000002,5,-
fark,z form,0.4100000000000002,0.7093961238861084,0.7094142060013837,False,-,283,-,-,0.41001012229672534,0.4100000000000002,5,-
fark,y exact,0.4100000000000002,32.155903816223145,127.2484914470042,False,-,276,276.0,-,0.41018074384785913,0.41000000000000025,-,-
fark,z exact,0.4100000000000002,193.61482620239258,773.5572487690006,False,-,276,276.0,-,0.41018074384785913,0.4100000000000002,-,-
comics,global,0.4100000000000002,5.53216,-,-,-,474,-,-,0.411272,-,-,-
comics,local,0.4100000000000002,0.088251,-,-,-,323,-,-,0.410085,-,-,-
fark,y form,0.4200000000000002,0.1597445011138916,0.15972937200422166,False,-,556,-,-,0.4378312338946301,0.42000000000000015,1,-
fark,z form,0.4200000000000002,0.14533615112304688,0.14535303299635416,False,-,313,-,-,0.420429073830777,0.4200000000000002,1,-
fark,y form,0.4200000000000002,0.31189560890197754,0.3119081440017908,False,-,342,-,-,0.422484703121004,0.4200000000000002,2,-
fark,z form,0.4200000000000002,0.28411006927490234,0.28412666200165404,False,-,313,-,-,0.420429073830777,0.4200000000000002,2,-
fark,y form,0.4200000000000002,0.4436359405517578,0.44364093100011814,False,-,342,-,-,0.422484703121004,0.4200000000000002,3,-
fark,z form,0.4200000000000002,0.41687726974487305,0.41686815599678084,False,-,313,-,-,0.420429073830777,0.4200000000000002,3,-
fark,y form,0.4200000000000002,0.6008093357086182,0.6007395100023132,False,-,342,-,-,0.422484703121004,0.4200000000000002,4,-
fark,z form,0.4200000000000002,0.5644237995147705,0.5644536679974408,False,-,313,-,-,0.420429073830777,0.4200000000000002,4,-
fark,y form,0.4200000000000002,0.7581484317779541,0.7581658199997037,False,-,342,-,-,0.422484703121004,0.4200000000000002,5,-
fark,z form,0.4200000000000002,0.7160418033599854,0.7160485329950461,False,-,313,-,-,0.420429073830777,0.4200000000000002,5,-
fark,y exact,0.4200000000000002,18.172106981277466,71.30036759699578,False,-,283,283.0,-,0.4203417133161044,0.42000000000000026,-,-
fark,z exact,0.4200000000000002,62.14201760292053,247.69582476000505,False,-,283,283.0,-,0.4203417133161044,0.4200000000000002,-,-
comics,global,0.4200000000000002,5.51247,-,-,-,492,-,-,0.425547,-,-,-
comics,local,0.4200000000000002,0.096448,-,-,-,343,-,-,0.420192,-,-,-
fark,y form,0.4300000000000002,0.16050434112548828,0.16047801700187847,False,-,556,-,-,0.4378312338946301,0.4300000000000002,1,-
fark,z form,0.4300000000000002,0.14480972290039062,0.14482369900360936,False,-,345,-,-,0.4527731386152762,0.4300000000000002,1,-
fark,y form,0.4300000000000002,0.3152425289154053,0.3152596110012382,False,-,376,-,-,0.4307045762818554,0.43000000000000027,2,-
fark,z form,0.4300000000000002,0.2848691940307617,0.28487523699732265,False,-,309,-,-,0.4315757674032804,0.4300000000000002,2,-
fark,y form,0.4300000000000002,0.4544639587402344,0.4544617749997997,False,-,376,-,-,0.4307045762818554,0.43000000000000027,3,-
fark,z form,0.4300000000000002,0.4211883544921875,0.42118459699850064,False,-,309,-,-,0.4315757674032804,0.4300000000000002,3,-
fark,y form,0.4300000000000002,0.5925743579864502,0.5925745259955875,False,-,376,-,-,0.4307045762818554,0.43000000000000027,4,-
fark,z form,0.4300000000000002,0.5480825901031494,0.5480544780002674,False,-,309,-,-,0.4315757674032804,0.4300000000000002,4,-
fark,y form,0.4300000000000002,0.7390162944793701,0.739031214005081,False,-,376,-,-,0.4307045762818554,0.43000000000000027,5,-
fark,z form,0.4300000000000002,0.7042813301086426,0.7042955740034813,False,-,309,-,-,0.4315757674032804,0.4300000000000002,5,-
fark,y exact,0.4300000000000002,19.441574573516846,76.33493578199705,False,-,296,296.0,-,0.4318042095413579,0.43000000000000027,-,-
fark,z exact,0.4300000000000002,67.92483162879944,270.8103166709989,False,-,296,296.0,-,0.430787127236199,0.4300000000000002,-,-
comics,global,0.4300000000000002,7.90103,-,-,-,502,-,-,0.430089,-,-,-
comics,local,0.4300000000000002,0.098888,-,-,-,355,-,-,0.431875,-,-,-
fark,y form,0.4400000000000002,0.15950322151184082,0.15951249699719483,False,-,588,-,-,0.46604088311764774,0.4400000000000002,1,-
fark,z form,0.4400000000000002,0.14635324478149414,0.14635011499922257,False,-,345,-,-,0.4527731386152762,0.4400000000000002,1,-
fark,y form,0.4400000000000002,0.3102426528930664,0.31026553999981843,False,-,418,-,-,0.45092626261957214,0.4400000000000002,2,-
fark,z form,0.4400000000000002,0.293074369430542,0.29307262699876446,False,-,315,-,-,0.4434346941653513,0.4400000000000002,2,-
fark,y form,0.4400000000000002,0.461134672164917,0.46115556999575347,False,-,354,-,-,0.4422997775902283,0.4400000000000002,3,-
fark,z form,0.4400000000000002,0.4252026081085205,0.4252018160041189,False,-,315,-,-,0.4434346941653513,0.4400000000000002,3,-
fark,y form,0.4400000000000002,0.6106257438659668,0.6106460409937426,False,-,354,-,-,0.4422997775902283,0.4400000000000002,4,-
fark,z form,0.4400000000000002,0.5666284561157227,0.5666343780030729,False,-,315,-,-,0.4434346941653513,0.4400000000000002,4,-
fark,y form,0.4400000000000002,0.7567398548126221,0.756674998003291,False,-,354,-,-,0.4422997775902283,0.4400000000000002,5,-
fark,z form,0.4400000000000002,0.6935687065124512,0.6935867800057167,False,-,315,-,-,0.4434346941653513,0.4400000000000002,5,-
fark,y exact,0.4400000000000002,56.2822687625885,223.7049561610038,False,-,301,301.0,-,0.4414602100466983,0.4400000000000002,-,-
fark,z exact,0.4400000000000002,22.486142873764038,89.07951065700036,False,-,301,301.0,-,0.4414602100466983,0.4400000000000002,-,-
comics,global,0.4400000000000002,16.4842,-,-,-,552,-,-,0.445076,-,-,-
comics,local,0.4400000000000002,0.102283,-,-,-,361,-,-,0.446743,-,-,-
fark,y form,0.45000000000000023,0.1607980728149414,0.16080879000219284,False,-,588,-,-,0.46604088311764774,0.4500000000000002,1,-
fark,z form,0.45000000000000023,0.1461954116821289,0.14620748499874026,False,-,345,-,-,0.4527731386152762,0.45000000000000023,1,-
fark,y form,0.45000000000000023,0.30658793449401855,0.3065832829961437,False,-,365,-,-,0.45118622103128436,0.45000000000000023,2,-
fark,z form,0.45000000000000023,0.2916700839996338,0.291652519001218,False,-,342,-,-,0.45148447660276453,0.45000000000000023,2,-
fark,y form,0.45000000000000023,0.4493131637573242,0.4493167769978754,False,-,365,-,-,0.45118622103128436,0.45000000000000023,3,-
fark,z form,0.45000000000000023,0.4266681671142578,0.4266345089999959,False,-,342,-,-,0.45148447660276453,0.45000000000000023,3,-
fark,y form,0.45000000000000023,0.6086492538452148,0.6084842390046106,False,-,365,-,-,0.45118622103128436,0.45000000000000023,4,-
fark,z form,0.45000000000000023,0.5703365802764893,0.5703538620000472,False,-,342,-,-,0.45148447660276453,0.45000000000000023,4,-
fark,y form,0.45000000000000023,0.7560968399047852,0.7560661829993478,False,-,365,-,-,0.45118622103128436,0.45000000000000023,5,-
fark,z form,0.45000000000000023,0.7109644412994385,0.7109846559978905,False,-,342,-,-,0.45148447660276453,0.45000000000000023,5,-
fark,y exact,0.45000000000000023,41.08770298957825,162.93359902700468,False,-,314,314.0,-,0.4506596551085806,0.4500000000000004,-,-
fark,z exact,0.45000000000000023,18.227427005767822,72.05796990799718,False,-,314,314.0,-,0.4506596551085806,0.45000000000000023,-,-
comics,global,0.45000000000000023,16.9777,-,-,-,555,-,-,0.454647,-,-,-
comics,local,0.45000000000000023,0.103392,-,-,-,370,-,-,0.453152,-,-,-
fark,y form,0.46000000000000024,0.1615614891052246,0.16157332099828636,False,-,588,-,-,0.46604088311764774,0.46000000000000024,1,-
fark,z form,0.46000000000000024,0.14753365516662598,0.14754572899983032,False,-,377,-,-,0.48294986538384976,0.46000000000000024,1,-
fark,y form,0.46000000000000024,0.31278371810913086,0.31280349400185514,False,-,423,-,-,0.4607598819213673,0.46000000000000024,2,-
fark,z form,0.46000000000000024,0.2942976951599121,0.29430588299874216,False,-,341,-,-,0.46369827359468074,0.46000000000000024,2,-
fark,y form,0.46000000000000024,0.45522403717041016,0.45484720099921105,False,-,423,-,-,0.4607598819213673,0.46000000000000024,3,-
fark,z form,0.46000000000000024,0.427335262298584,0.42735604899644386,False,-,339,-,-,0.4617854070083478,0.46000000000000024,3,-
fark,y form,0.46000000000000024,0.6146345138549805,0.6146519070025533,False,-,423,-,-,0.4607598819213673,0.46000000000000024,4,-
fark,z form,0.46000000000000024,0.5724523067474365,0.5724443170038285,False,-,339,-,-,0.4617854070083478,0.46000000000000024,4,-
fark,y form,0.46000000000000024,0.7665824890136719,0.7665662199942744,False,-,423,-,-,0.4607598819213673,0.46000000000000024,5,-
fark,z form,0.46000000000000024,0.7132134437561035,0.7132243329979246,False,-,339,-,-,0.4617854070083478,0.46000000000000024,5,-
fark,y exact,0.46000000000000024,33.44628930091858,132.35788185599813,False,-,328,328.0,-,0.4622510933734904,0.4600000000000002,-,-
fark,z exact,0.46000000000000024,14.433425188064575,56.88004145499872,False,-,328,328.0,-,0.4622510933734904,0.46000000000000024,-,-
comics,global,0.46000000000000024,24.5941,-,-,-,564,-,-,0.46181,-,-,-
comics,local,0.46000000000000024,0.105407,-,-,-,374,-,-,0.461369,-,-,-
fark,y form,0.47000000000000025,0.16148829460144043,0.1615011730027618,False,-,595,-,-,0.48054595982360193,0.47000000000000025,1,-
fark,z form,0.47000000000000025,0.14763569831848145,0.14763583300373284,False,-,377,-,-,0.48294986538384976,0.47000000000000025,1,-
fark,y form,0.47000000000000025,0.3134307861328125,0.31345351499476237,False,-,388,-,-,0.47017218483148926,0.4700000000000003,2,-
fark,z form,0.47000000000000025,0.30161070823669434,0.3016297440044582,False,-,344,-,-,0.47175878811421645,0.47000000000000025,2,-
fark,y form,0.47000000000000025,0.462291955947876,0.4623196739994455,False,-,388,-,-,0.47017218483148926,0.4700000000000003,3,-
fark,z form,0.47000000000000025,0.43303990364074707,0.4327051680011209,False,-,344,-,-,0.47175878811421645,0.47000000000000025,3,-
fark,y form,0.47000000000000025,0.6168959140777588,0.6168576599957305,False,-,388,-,-,0.47017218483148926,0.4700000000000003,4,-
fark,z form,0.47000000000000025,0.572624683380127,0.5726351810008055,False,-,344,-,-,0.47175878811421645,0.47000000000000025,4,-
fark,y form,0.47000000000000025,0.7599098682403564,0.7599317560016061,False,-,388,-,-,0.47017218483148926,0.4700000000000003,5,-
fark,z form,0.47000000000000025,0.7134807109832764,0.7131919949970325,False,-,344,-,-,0.47175878811421645,0.47000000000000025,5,-
fark,y exact,0.47000000000000025,30.06445026397705,118.8221929279971,False,-,342,342.0,-,0.47054862824252225,0.47000000000000025,-,-
fark,z exact,0.47000000000000025,7.980437517166138,31.071497983997688,False,-,342,342.0,-,0.47054862824252225,0.47000000000000025,-,-
comics,global,0.47000000000000025,25.3046,-,-,-,579,-,-,0.470428,-,-,-
comics,local,0.47000000000000025,0.107382,-,-,-,378,-,-,0.48295,-,-,-
fark,y form,0.48000000000000026,0.16003012657165527,0.16003992399782874,False,-,595,-,-,0.48054595982360193,0.4800000000000003,1,-
fark,z form,0.48000000000000026,0.14772486686706543,0.14769694099959452,False,-,377,-,-,0.48294986538384976,0.48000000000000026,1,-
fark,y form,0.48000000000000026,0.3114008903503418,0.31140952299756464,False,-,498,-,-,0.4800812041383045,0.48000000000000026,2,-
fark,z form,0.48000000000000026,0.2967648506164551,0.29677855099726,False,-,371,-,-,0.48025398571308864,0.48000000000000026,2,-
fark,y form,0.48000000000000026,0.46454715728759766,0.4645637049979996,False,-,498,-,-,0.4800812041383045,0.48000000000000026,3,-
fark,z form,0.48000000000000026,0.4320242404937744,0.4316346870036796,False,-,371,-,-,0.48025398571308864,0.48000000000000026,3,-
fark,y form,0.48000000000000026,0.623206377029419,0.623203357004968,False,-,498,-,-,0.4800812041383045,0.48000000000000026,4,-
fark,z form,0.48000000000000026,0.5729243755340576,0.5728733110008761,False,-,371,-,-,0.48025398571308864,0.48000000000000026,4,-
fark,y form,0.48000000000000026,0.7780768871307373,0.7780832560019917,False,-,498,-,-,0.4800812041383045,0.48000000000000026,5,-
fark,z form,0.48000000000000026,0.7160894870758057,0.7157971839988022,False,-,371,-,-,0.48025398571308864,0.48000000000000026,5,-
fark,y exact,0.48000000000000026,53.33532786369324,211.9205874939944,False,-,368,368.0,-,0.480128686965452,0.48000000000000026,-,-
fark,z exact,0.48000000000000026,13.077508687973022,51.458183335002104,False,-,368,368.0,-,0.48013012580658476,0.48000000000000026,-,-
comics,global,0.48000000000000026,48.2309,-,-,-,619,-,-,0.483516,-,-,-
comics,local,0.48000000000000026,0.108264,-,-,-,378,-,-,0.48295,-,-,-
fark,y form,0.49000000000000027,0.16571640968322754,0.1657307959976606,False,-,670,-,-,0.5002205364648945,0.4900000000000002,1,-
fark,z form,0.49000000000000027,0.14996790885925293,0.14997959199536126,False,-,462,-,-,0.492368457049096,0.49000000000000027,1,-
fark,y form,0.49000000000000027,0.3165738582611084,0.3165949459944386,False,-,448,-,-,0.49023945826348875,0.4900000000000003,2,-
fark,z form,0.49000000000000027,0.2966468334197998,0.29666860399447614,False,-,428,-,-,0.4903462634431949,0.49000000000000027,2,-
fark,y form,0.49000000000000027,0.472064733505249,0.47207706599874655,False,-,448,-,-,0.49023945826348875,0.49000000000000027,3,-
fark,z form,0.49000000000000027,0.44319677352905273,0.44321040700015146,False,-,426,-,-,0.49015403722421197,0.49000000000000027,3,-
fark,y form,0.49000000000000027,0.6226987838745117,0.6227162569994107,False,-,448,-,-,0.49023945826348875,0.49000000000000027,4,-
fark,z form,0.49000000000000027,0.5861506462097168,0.5861729720054427,False,-,426,-,-,0.49015403722421197,0.49000000000000027,4,-
fark,y form,0.49000000000000027,0.7616167068481445,0.7615940160030732,False,-,448,-,-,0.49023945826348875,0.49000000000000027,5,-
fark,z form,0.49000000000000027,0.7190003395080566,0.7190076930055511,False,-,426,-,-,0.49015403722421197,0.49000000000000027,5,-
fark,y exact,0.49000000000000027,27.64669442176819,109.20302584700403,False,-,390,390.0,-,0.4906835517712501,0.49000000000000027,-,-
fark,z exact,0.49000000000000027,12.581543684005737,49.41397231999872,False,-,390,390.0,-,0.4906835517712501,0.49000000000000027,-,-
comics,global,0.49000000000000027,70.0638,-,-,-,643,-,-,0.494356,-,-,-
comics,local,0.49000000000000027,0.117115,-,-,-,407,-,-,0.492762,-,-,-
fark,y form,0.5000000000000002,0.1631319522857666,0.1631426520034438,False,-,670,-,-,0.5002205364648945,0.5000000000000002,1,-
fark,z form,0.5000000000000002,0.15073275566101074,0.15074018699669978,False,-,494,-,-,0.5045296775425268,0.5000000000000002,1,-
fark,y form,0.5000000000000002,0.3134467601776123,0.31340722300228663,False,-,583,-,-,0.5000574854540105,0.5000000000000002,2,-
fark,z form,0.5000000000000002,0.2913980484008789,0.29137640300177736,False,-,459,-,-,0.5004063441976533,0.5000000000000002,2,-
fark,y form,0.5000000000000002,0.4718053340911865,0.4717723370049498,False,-,583,-,-,0.5000574854540105,0.5000000000000002,3,-
fark,z form,0.5000000000000002,0.43079638481140137,0.4307972070018877,False,-,459,-,-,0.5004063441976533,0.5000000000000002,3,-
fark,y form,0.5000000000000002,0.6182971000671387,0.6183010450040456,False,-,583,-,-,0.5000574854540105,0.5000000000000002,4,-
fark,z form,0.5000000000000002,0.5736002922058105,0.5735998259988264,False,-,459,-,-,0.5004063441976533,0.5000000000000002,4,-
fark,y form,0.5000000000000002,0.7705297470092773,0.7705393090000143,False,-,583,-,-,0.5000574854540105,0.5000000000000002,5,-
fark,z form,0.5000000000000002,0.7166562080383301,0.7164092240054742,False,-,459,-,-,0.5004063441976533,0.5000000000000002,5,-
fark,y exact,0.5000000000000002,18.942383766174316,74.4002593289988,False,-,417,417.0,-,0.5002003137706511,0.5000000000000002,-,-
fark,z exact,0.5000000000000002,9.515748500823975,37.166122681999695,False,-,417,417.0,-,0.5006826754307748,0.5000000000000002,-,-
comics,global,0.5000000000000002,69.9444,-,-,-,651,-,-,0.500313,-,-,-
comics,local,0.5000000000000002,0.12325,-,-,-,423,-,-,0.50087,-,-,-
fark,y form,0.5100000000000002,0.16257405281066895,0.1625818899992737,False,-,706,-,-,0.5134434188008903,0.5100000000000002,1,-
fark,z form,0.5100000000000002,0.148024320602417,0.14800700199702987,False,-,511,-,-,0.5126259924511376,0.5100000000000002,1,-
fark,y form,0.5100000000000002,0.31174564361572266,0.31171289600024465,False,-,522,-,-,0.5111799936986687,0.5100000000000002,2,-
fark,z form,0.5100000000000002,0.2933340072631836,0.29334139499405865,False,-,509,-,-,0.51102829254377,0.5100000000000002,2,-
fark,y form,0.5100000000000002,0.4694664478302002,0.4694661730027292,False,-,522,-,-,0.5111799936986687,0.5100000000000002,3,-
fark,z form,0.5100000000000002,0.43367862701416016,0.43368954899779055,False,-,509,-,-,0.51102829254377,0.5100000000000002,3,-
fark,y form,0.5100000000000002,0.6073400974273682,0.6073289970008773,False,-,522,-,-,0.5111799936986687,0.5100000000000002,4,-
fark,z form,0.5100000000000002,0.5894122123718262,0.5894175289940904,False,-,509,-,-,0.51102829254377,0.5100000000000002,4,-
fark,y form,0.5100000000000002,0.7591195106506348,0.759109664002608,False,-,522,-,-,0.5111799936986687,0.5100000000000002,5,-
fark,z form,0.5100000000000002,0.7329516410827637,0.7329570310030249,False,-,509,-,-,0.51102829254377,0.5100000000000002,5,-
fark,y exact,0.5100000000000002,11.814655542373657,45.922157478999,False,-,454,454.0,-,0.5107015869048039,0.5100000000000002,-,-
fark,z exact,0.5100000000000002,24.354732990264893,96.47760822599957,False,-,454,454.0,-,0.5107015869048039,0.5100000000000002,-,-
comics,global,0.5100000000000002,211.664,-,-,-,710,-,-,0.514362,-,-,-
comics,local,0.5100000000000002,0.147472,-,-,-,498,-,-,0.510044,-,-,-
fark,y form,0.5200000000000002,0.1648416519165039,0.16484976000356255,False,-,721,-,-,0.5214002519236677,0.5200000000000002,1,-
fark,z form,0.5200000000000002,0.15044736862182617,0.15045480199478334,False,-,529,-,-,0.5209936584328948,0.5200000000000002,1,-
fark,y form,0.5200000000000002,0.31809258460998535,0.31810078100534156,False,-,570,-,-,0.5200141323802671,0.5200000000000002,2,-
fark,z form,0.5200000000000002,0.29483699798583984,0.2948493630028679,False,-,527,-,-,0.5200824481523986,0.5200000000000002,2,-
fark,y form,0.5200000000000002,0.47571420669555664,0.47572204500465887,False,-,570,-,-,0.5200141323802671,0.5200000000000002,3,-
fark,z form,0.5200000000000002,0.4420762062072754,0.44209025199961616,False,-,527,-,-,0.5200824481523986,0.5200000000000002,3,-
fark,y form,0.5200000000000002,0.6224102973937988,0.6224241689997143,False,-,570,-,-,0.5200141323802671,0.5200000000000002,4,-
fark,z form,0.5200000000000002,0.5923247337341309,0.5923436700031743,False,-,527,-,-,0.5200824481523986,0.5200000000000002,4,-
fark,y form,0.5200000000000002,0.7716245651245117,0.7716209259961033,False,-,570,-,-,0.5200141323802671,0.5200000000000002,5,-
fark,z form,0.5200000000000002,0.7370607852935791,0.7370860119990539,False,-,527,-,-,0.5200824481523986,0.5200000000000002,5,-
fark,y exact,0.5200000000000002,16.69822907447815,65.43334737599798,False,-,509,509.0,-,0.5201693448434813,0.5200000000000002,-,-
fark,z exact,0.5200000000000002,10.760868072509766,42.107047261000844,False,-,509,509.0,-,0.5203272607370406,0.5200000000000002,-,-
comics,global,0.5200000000000002,-,-,-,-,-,-,-,-,-,-,error
comics,local,0.5200000000000002,0.153134,-,-,-,516,-,-,0.520709,-,-,-
fark,y form,0.5300000000000002,0.16739845275878906,0.1674114630004624,False,-,829,-,-,0.5308966028677207,0.5300000000000002,1,-
fark,z form,0.5300000000000002,0.15595316886901855,0.1559625980007695,False,-,623,-,-,0.5304750398052203,0.5300000000000002,1,-
fark,y form,0.5300000000000002,0.32251930236816406,0.322532215002866,False,-,648,-,-,0.5300138052857155,0.5300000000000002,2,-
fark,z form,0.5300000000000002,0.30547618865966797,0.3054617270026938,False,-,607,-,-,0.5300228516281635,0.5300000000000002,2,-
fark,y form,0.5300000000000002,0.482999324798584,0.48296523300086847,False,-,648,-,-,0.5300138052857155,0.5300000000000002,3,-
fark,z form,0.5300000000000002,0.4546785354614258,0.4546850109982188,False,-,607,-,-,0.5300228516281635,0.5300000000000002,3,-
fark,y form,0.5300000000000002,0.6295523643493652,0.6295667779995711,False,-,648,-,-,0.5300138052857155,0.5300000000000002,4,-
fark,z form,0.5300000000000002,0.613466739654541,0.6134838579964708,False,-,607,-,-,0.5300228516281635,0.5300000000000002,4,-
fark,y form,0.5300000000000002,0.7922487258911133,0.7922006789958687,False,-,648,-,-,0.5300138052857155,0.5300000000000002,5,-
fark,z form,0.5300000000000002,0.7634563446044922,0.76344107100158,False,-,607,-,-,0.5300228516281635,0.5300000000000002,5,-
fark,y exact,0.5300000000000002,8.76574158668518,33.72739211800217,False,-,606,606.0,-,0.5300855509227321,0.5300000000000002,-,-
fark,z exact,0.5300000000000002,1.6647074222564697,5.725101223993988,False,-,606,606.0,-,0.5300677799619745,0.5300000000000002,-,-
comics,global,0.5300000000000002,-,-,-,-,-,-,-,-,-,-,error
comics,local,0.5300000000000002,0.186408,-,-,-,615,-,-,0.53012,-,-,-
